s10,s1,s4,s11,s22,s6,s19,s18,s3,s15,s2,s31,s32,s16,s25,s23,s30,s5,s7,s12,s13,s24,s35,s21,s28,s29,s33,s8,s9,s14,s17,s20,s26,s27,s34,a1,a6,a11,a4,a8,a20,a35,a42,a51,a52,a7,a29,a45,a47,a17,a26,a27,a48,a13,a16,a21,a23,a32,a37,a50,a2,a5,a3,a25,a38,a10,a15,a18,a30,a46,a9,a12,a14,a19,a22,a24,a31,a33,a34,a36,a39,a41,a43,a44,a28,a40,a49,fo_probability,fo_computerisation
47,72,69,47,13,50,25,28,69,38,72,0,0,38,0,6,0,50,50,44,44,6,0,19,0,0,0,47,47,41,35,25,0,0,0,78,69,50,72,53,35,25,0,0,0,66,25,0,0,44,25,25,0,47,44,31,28,25,22,0,75,72,72,25,13,50,47,41,25,0,50,47,47,35,31,25,25,25,25,22,3,0,0,0,25,3,0,0.37,0
78,81,72,78,16,66,44,50,81,56,75,0,13,50,0,13,28,81,56,44,50,19,0,22,19,16,3,72,50,69,41,44,0,0,0,75,47,69,72,75,10,22,0,0,0,69,0,0,0,44,3,0,0,81,53,47,44,41,25,0,81,81,41,25,0,53,78,19,19,0,47,78,69,44,0,19,0,0,0,0,28,16,0,31,22,6,0,0.4,0
56,69,47,53,53,53,50,41,66,38,66,50,28,41,47,69,50,72,53,44,47,28,56,44,28,28,69,63,47,50,35,50,41,28,50,75,47,53,53,72,25,44,41,3,0,72,19,0,25,47,25,35,28,72,53,60,41,56,47,3,75,75,44,47,10,53,69,56,50,0,50,72,72,47,10,50,41,6,25,19,50,53,0,50,50,25,19,0.24,0
81,81,50,63,25,53,72,50,75,44,72,0,28,47,0,25,81,81,50,44,47,22,0,50,41,25,22,75,50,56,47,75,0,0,0,75,47,60,66,72,19,25,22,0,0,69,0,0,0,38,0,0,0,78,75,56,41,44,22,0,75,75,38,25,0,56,75,35,0,0,53,75,72,41,0,0,0,0,0,0,78,0,0,91,13,13,0,0.035,0
69,69,75,69,16,56,53,53,78,53,75,0,19,60,0,16,50,75,63,47,50,19,0,44,44,41,16,63,63,56,53,53,3,0,0,81,69,72,75,66,16,47,19,0,0,69,0,0,0,44,0,0,0,63,60,53,41,47,19,0,75,75,38,19,0,47,72,56,10,0,69,72,56,47,0,10,0,0,0,0,47,3,0,50,16,19,0,0.015,0
56,60,72,53,0,50,50,72,69,69,78,25,22,75,0,25,44,56,50,31,41,22,0,28,25,25,16,50,53,47,35,28,0,0,0,78,56,75,78,53,25,38,25,10,0,60,0,6,10,47,0,0,10,53,50,47,44,44,25,13,75,72,35,25,0,50,63,47,0,6,56,53,50,44,0,10,22,0,0,6,44,22,0,44,16,3,10,0.075,0
41,50,47,44,13,53,44,31,53,22,53,72,16,25,47,69,38,47,50,31,31,6,50,19,19,19,53,44,50,41,22,28,28,3,50,53,25,50,50,60,63,44,50,22,31,63,28,19,60,44,50,56,56,50,53,50,31,56,44,22,56,53,28,50,22,53,44,53,66,25,22,53,53,47,47,66,56,53,66,19,35,63,13,38,60,44,47,0.95,1
41,50,47,44,13,53,44,31,53,22,53,72,16,25,47,69,38,47,50,31,31,6,50,19,19,19,53,44,50,41,22,28,28,3,50,53,25,50,50,60,63,44,50,22,31,63,28,19,60,44,50,56,56,50,53,50,31,56,44,22,56,53,28,50,22,53,44,53,66,25,22,53,53,47,47,66,56,53,66,19,35,63,13,38,60,44,47,0.95,1
41,50,47,44,13,53,44,31,53,22,53,72,16,25,47,69,38,47,50,31,31,6,50,19,19,19,53,44,50,41,22,28,28,3,50,53,25,50,50,60,63,44,50,22,31,63,28,19,60,44,50,56,56,50,53,50,31,56,44,22,56,53,28,50,22,53,44,53,66,25,22,53,53,47,47,66,56,53,66,19,35,63,13,38,60,44,47,0.88,1
60,69,63,66,19,66,47,60,69,50,69,0,10,47,0,22,41,63,56,81,69,22,0,10,3,3,3,53,50,63,41,44,0,0,0,81,56,69,72,63,25,25,0,0,0,66,0,0,0,44,0,0,0,56,47,50,41,41,25,0,72,75,44,25,0,50,75,25,0,0,56,63,50,44,0,0,0,0,0,0,47,0,0,47,19,0,0,0.13,0
38,31,47,28,16,44,25,31,50,28,44,72,0,25,50,69,22,47,31,31,19,13,53,3,10,13,50,38,44,31,31,25,38,10,50,53,28,50,53,60,53,41,60,31,28,66,25,19,56,38,28,50,56,47,38,41,31,47,53,28,56,31,28,47,19,47,25,47,53,35,31,50,50,60,28,56,72,35,53,25,19,72,10,16,50,28,56,0.57,1
38,31,47,28,16,44,25,31,50,28,44,72,0,25,50,69,22,47,31,31,19,13,53,3,10,13,50,38,44,31,31,25,38,10,50,53,28,50,53,60,53,41,60,31,28,66,25,19,56,38,28,50,56,47,38,41,31,47,53,28,56,31,28,47,19,47,25,47,53,35,31,50,50,60,28,56,72,35,53,25,19,72,10,16,50,28,56,0.95,1
38,31,47,28,16,44,25,31,50,28,44,72,0,25,50,69,22,47,31,31,19,13,53,3,10,13,50,38,44,31,31,25,38,10,50,53,28,50,53,60,53,41,60,31,28,66,25,19,56,38,28,50,56,47,38,41,31,47,53,28,56,31,28,47,19,47,25,47,53,35,31,50,50,60,28,56,72,35,53,25,19,72,10,16,50,28,56,0.79,1
56,69,44,53,44,69,53,47,69,47,63,38,13,47,0,56,41,66,47,50,47,19,25,19,16,19,78,53,53,56,41,53,3,0,0,69,41,56,63,75,31,47,31,25,25,72,22,16,28,44,25,28,28,72,53,63,53,56,35,19,72,66,28,50,0,50,53,44,38,22,44,72,53,63,25,41,38,25,25,19,35,35,0,38,41,22,22,0.41,0
78,69,60,53,19,75,56,53,85,41,81,38,19,47,6,56,47,78,63,53,53,19,25,44,19,19,44,75,72,69,47,53,6,0,3,91,60,75,78,94,19,50,41,22,0,78,0,28,13,78,0,3,19,81,66,81,81,78,47,19,91,72,50,63,0,88,60,63,35,16,60,85,75,78,0,38,10,0,0,28,50,47,0,53,47,3,16,0.029,0
56,69,50,47,38,60,53,50,56,35,60,60,13,47,81,78,31,72,50,50,41,25,78,28,13,28,72,72,50,50,41,50,56,35,81,63,47,53,50,75,47,56,47,28,25,72,28,25,47,47,28,50,50,66,50,60,47,53,53,25,60,75,41,50,6,50,60,53,72,25,47,66,75,47,28,72,66,31,47,25,31,75,10,38,75,25,41,0.003,0
50,50,44,44,19,53,47,35,53,31,50,47,13,31,50,47,38,53,50,47,41,25,47,22,25,28,60,50,47,47,31,47,47,47,47,50,35,53,50,69,47,47,44,25,25,66,38,25,38,41,44,53,38,50,50,47,31,50,47,25,53,53,25,50,19,50,47,60,60,25,47,53,60,44,31,53,50,38,47,25,31,53,6,31,63,28,25,0.79,1
66,69,53,53,50,69,44,56,75,35,66,50,10,38,31,60,47,66,60,44,47,19,38,10,19,28,47,53,53,63,41,44,35,6,25,69,41,63,60,78,44,50,35,0,25,69,25,0,31,50,22,38,44,72,53,56,50,69,47,0,78,75,44,41,0,69,63,47,56,0,44,72,63,47,28,63,41,31,38,16,47,60,3,50,53,35,44,0.14,0
50,53,53,47,16,50,25,63,60,44,53,50,3,44,31,44,25,63,47,50,35,10,35,19,10,28,25,47,47,53,31,22,25,0,28,69,28,56,53,72,50,38,50,53,38,56,28,28,47,53,35,47,53,53,50,50,44,50,41,22,72,53,25,38,16,50,47,47,50,28,44,56,53,53,44,53,53,31,53,22,28,50,0,25,47,13,53,0.029,0
75,72,56,53,44,78,56,47,78,41,69,97,13,44,19,91,53,78,72,50,50,16,53,28,16,22,53,66,66,69,47,56,0,0,3,75,47,69,69,94,28,66,78,75,44,81,25,60,78,75,22,38,81,75,50,75,60,78,69,47,75,75,53,56,13,75,53,60,63,72,50,78,75,81,19,75,75,16,28,66,56,91,0,53,53,44,97,0.029,0
50,47,41,44,50,50,35,35,50,19,50,41,13,35,0,47,28,56,44,22,28,6,25,16,28,25,41,50,38,50,25,28,10,0,0,47,22,47,50,53,50,35,28,19,25,63,31,10,22,22,41,38,22,50,53,44,31,41,25,16,50,47,19,25,19,38,41,38,47,10,25,53,50,50,31,50,50,41,50,13,28,41,3,35,50,19,25,0.95,1
50,47,41,44,50,50,35,35,50,19,50,41,13,35,0,47,28,56,44,22,28,6,25,16,28,25,41,50,38,50,25,28,10,0,0,47,22,47,50,53,50,35,28,19,25,63,31,10,22,22,41,38,22,50,53,44,31,41,25,16,50,47,19,25,19,38,41,38,47,10,25,53,50,50,31,50,50,41,50,13,28,41,3,35,50,19,25,0.95,1
50,47,41,44,50,50,35,35,50,19,50,41,13,35,0,47,28,56,44,22,28,6,25,16,28,25,41,50,38,50,25,28,10,0,0,47,22,47,50,53,50,35,28,19,25,63,31,10,22,22,41,38,22,50,53,44,31,41,25,16,50,47,19,25,19,38,41,38,47,10,25,53,50,50,31,50,50,41,50,13,28,41,3,35,50,19,25,0.95,1
50,47,41,44,50,50,35,35,50,19,50,41,13,35,0,47,28,56,44,22,28,6,25,16,28,25,41,50,38,50,25,28,10,0,0,47,22,47,50,53,50,35,28,19,25,63,31,10,22,22,41,38,22,50,53,44,31,41,25,16,50,47,19,25,19,38,41,38,47,10,25,53,50,50,31,50,50,41,50,13,28,41,3,35,50,19,25,0.95,1
50,47,41,44,50,50,35,35,50,19,50,41,13,35,0,47,28,56,44,22,28,6,25,16,28,25,41,50,38,50,25,28,10,0,0,47,22,47,50,53,50,35,28,19,25,63,31,10,22,22,41,38,22,50,53,44,31,41,25,16,50,47,19,25,19,38,41,38,47,10,25,53,50,50,31,50,50,41,50,13,28,41,3,35,50,19,25,0.95,1
60,85,56,81,41,69,50,38,78,38,78,13,22,44,0,22,47,78,47,60,60,16,3,19,22,28,25,69,50,66,47,44,10,0,0,81,50,69,75,56,31,47,16,22,3,66,19,0,0,47,22,28,3,85,69,69,50,44,19,3,81,85,44,25,19,56,88,56,41,3,63,81,69,50,22,35,28,22,25,3,47,25,6,47,41,28,6,0.0077,0
75,78,53,75,75,69,69,50,72,50,72,22,25,50,3,38,60,75,56,50,56,22,22,44,25,31,44,75,53,72,50,56,3,0,0,75,56,69,75,75,28,41,25,25,0,72,10,13,13,41,6,10,22,75,72,50,31,50,28,10,75,75,44,41,10,53,75,44,3,13,69,75,72,50,16,25,25,13,25,19,56,25,0,56,16,22,25,0.0045,0
75,75,66,78,16,47,41,50,85,94,78,0,13,69,0,6,25,75,50,47,50,10,0,13,3,3,3,66,53,69,22,41,0,0,0,78,50,69,75,69,13,16,0,0,0,60,0,0,0,38,0,0,0,75,53,47,44,28,16,0,78,75,25,16,0,47,78,28,0,0,50,75,56,41,0,0,0,0,0,0,28,0,0,25,13,6,0,0.06,0
69,75,56,72,47,69,63,47,72,53,75,22,22,53,0,31,63,75,50,50,56,25,22,75,44,44,53,69,63,66,50,60,6,0,0,75,75,63,63,75,13,47,38,31,0,72,0,0,0,44,3,0,0,75,75,66,50,56,19,0,75,75,47,28,0,53,75,78,25,3,75,75,75,66,0,25,19,0,0,0,60,25,0,56,31,13,0,0.018,0
72,78,63,75,41,69,53,56,75,53,75,13,22,53,3,38,72,72,72,56,56,22,25,35,47,47,50,75,69,72,56,50,0,0,0,78,66,69,75,72,13,50,25,10,0,69,0,0,0,38,0,0,0,72,56,53,47,47,22,0,78,81,44,25,0,53,72,69,25,0,69,72,69,56,0,25,16,0,0,0,60,25,0,72,28,6,0,0.017,0
56,75,44,75,25,50,47,53,72,44,56,0,19,44,0,25,25,60,53,50,47,22,16,28,25,31,25,56,50,56,47,38,0,0,0,63,47,53,53,53,25,44,25,0,0,72,22,0,0,28,22,25,0,60,75,31,28,35,25,0,72,75,38,25,3,50,75,31,25,0,47,69,75,50,19,25,22,19,25,0,38,13,0,25,28,3,0,0.0068,0
69,69,56,60,6,56,50,50,75,50,75,0,13,60,3,19,31,69,66,53,50,13,3,60,38,35,28,66,66,56,50,50,3,0,3,75,81,66,66,69,16,69,10,3,0,75,0,0,3,41,3,0,6,63,63,50,44,44,16,0,75,75,35,19,0,44,60,72,28,0,81,66,69,53,0,28,0,0,0,0,31,22,0,38,35,13,0,0.023,0
56,53,53,44,19,56,28,47,69,47,72,19,0,50,22,35,28,69,50,50,47,22,22,25,16,19,25,50,66,50,47,35,0,0,0,72,47,60,66,72,56,35,38,22,44,63,56,19,35,47,66,60,47,60,44,44,31,47,35,16,75,56,35,38,66,53,44,50,53,25,47,60,56,60,63,56,60,72,72,22,28,38,31,28,44,22,44,0.28,0
72,69,69,63,35,72,47,66,75,44,72,25,6,50,6,44,28,72,56,66,53,22,25,28,22,22,44,56,53,69,47,47,16,0,0,75,53,72,72,78,47,38,35,0,22,60,25,0,10,44,38,28,10,69,50,53,44,47,41,0,66,72,44,41,25,50,69,44,50,0,53,69,69,50,41,50,53,47,50,0,25,35,16,25,50,22,19,0.0071,0
69,81,53,75,81,60,50,53,75,44,72,16,31,50,16,28,75,78,53,53,63,28,16,44,38,28,25,56,53,75,53,50,16,0,16,78,66,60,69,66,10,47,25,10,0,75,0,16,0,44,0,10,0,78,56,72,35,50,25,0,75,75,47,25,0,66,75,50,13,0,63,78,75,66,0,13,0,0,0,0,75,16,0,78,25,3,0,0.041,0
69,78,75,75,50,69,53,66,78,47,75,28,19,53,28,50,47,75,56,53,60,22,28,47,22,22,50,66,60,75,47,53,28,6,28,75,53,69,72,75,28,35,16,0,0,69,0,0,19,47,0,13,16,75,56,53,50,53,63,16,78,78,47,60,3,47,75,38,47,0,50,75,66,47,3,50,25,0,19,0,38,50,0,47,50,22,22,0.0033,0
72,78,56,75,75,53,60,53,75,50,75,3,25,50,0,25,50,75,53,53,56,25,0,44,25,25,22,72,53,72,47,47,0,0,0,81,50,72,75,72,19,47,25,0,0,72,0,0,0,47,6,0,0,72,60,60,44,47,25,0,81,81,44,25,0,50,75,41,16,0,56,72,69,50,0,16,0,0,0,0,50,16,0,56,25,6,0,0.67,1
50,63,50,53,0,69,50,53,53,38,53,50,25,41,35,63,25,63,50,47,44,25,44,28,22,25,47,56,53,50,47,47,44,38,31,72,47,53,53,69,28,56,28,10,0,75,22,3,28,50,25,31,28,56,53,53,31,50,56,16,69,63,28,53,16,53,63,50,50,0,47,60,69,53,22,53,31,28,28,3,31,53,0,28,50,28,19,0.6,1
44,38,47,35,13,47,28,47,47,35,50,44,3,35,28,44,25,47,47,35,35,16,31,19,10,19,44,44,44,41,25,25,50,53,35,50,25,50,44,50,47,44,47,22,31,63,22,19,22,38,28,50,25,47,41,28,25,38,28,19,50,41,22,35,3,44,38,50,53,22,28,50,50,47,31,50,53,38,53,41,25,50,10,22,50,25,22,0.003,0
56,72,50,66,47,60,50,50,72,47,72,50,10,47,47,69,31,75,56,47,47,16,56,41,13,19,69,60,47,53,44,47,44,0,47,72,47,63,69,78,31,53,41,25,16,75,28,25,28,50,25,31,31,78,56,56,44,60,53,25,75,72,31,53,10,56,66,60,50,25,50,75,63,60,25,50,44,25,25,25,35,53,0,38,47,25,25,0.029,0
56,56,47,56,47,53,50,44,60,35,60,38,16,47,72,69,28,69,53,47,41,22,72,31,13,19,69,63,50,50,41,47,50,44,72,63,47,53,53,69,35,50,25,16,0,69,25,13,25,41,25,31,28,66,50,47,31,50,47,13,69,72,35,35,13,50,66,56,56,13,47,66,69,47,25,60,44,25,28,13,31,60,0,38,66,25,28,0.003,0
44,47,47,44,0,47,28,69,66,31,66,35,6,31,16,35,25,50,47,38,31,6,25,3,22,22,25,47,50,31,28,25,13,0,16,69,35,63,53,50,69,25,38,41,25,50,28,19,28,50,41,50,28,47,44,31,25,41,25,25,69,47,25,47,22,50,44,31,47,22,35,47,47,44,41,44,56,50,63,22,28,47,3,25,41,19,25,0.83,1
50,47,44,31,19,56,25,38,50,28,50,31,0,25,13,47,31,50,50,25,31,19,28,25,19,25,47,31,50,50,25,25,13,0,3,53,44,53,50,53,44,53,25,0,22,69,22,0,25,38,25,28,28,47,50,47,28,50,41,0,56,50,25,35,3,50,38,47,50,0,44,50,50,44,25,50,44,28,28,0,31,50,13,31,50,25,19,0.89,1
50,44,53,25,6,47,19,53,60,25,53,22,0,31,25,25,22,47,41,16,22,13,25,28,19,25,22,31,38,38,25,16,22,0,22,56,38,56,53,50,50,38,28,0,0,66,16,0,10,44,31,31,13,44,31,25,22,25,19,0,66,44,25,25,6,53,31,50,60,0,44,47,44,28,16,72,35,28,22,0,22,50,3,19,60,31,6,0.11,0
47,53,60,56,0,50,31,50,72,50,72,0,6,60,0,22,41,53,50,35,28,0,13,3,13,13,16,47,47,47,28,25,0,0,0,69,38,66,66,50,10,25,13,0,0,56,0,0,0,31,3,0,0,47,50,35,25,41,28,0,69,66,28,28,0,50,63,28,10,0,38,47,47,38,0,10,0,0,0,0,44,10,0,41,28,6,0,0.95,1
47,50,56,44,0,50,31,66,69,47,53,16,6,53,3,25,31,53,50,50,47,13,22,0,31,35,31,50,53,50,38,31,6,0,0,72,47,56,53,50,50,41,28,6,19,56,28,0,19,47,28,41,19,50,47,44,28,44,25,3,69,50,50,50,10,50,50,38,53,3,44,50,56,47,44,53,44,38,31,0,38,38,0,31,50,25,19,0.77,1
63,72,60,63,50,69,56,56,69,50,66,53,28,53,13,50,50,72,63,56,60,22,31,28,50,44,41,60,66,56,72,50,6,0,3,75,53,66,72,69,35,50,28,3,3,63,22,0,35,56,16,22,35,63,53,56,47,56,41,0,78,75,41,44,13,63,69,44,35,0,53,69,53,53,19,44,28,25,25,16,47,35,0,53,31,38,13,0.03,0
47,63,53,53,47,60,47,50,56,47,56,69,16,47,56,72,47,53,47,50,38,13,50,3,19,31,60,47,53,47,38,47,38,13,50,63,38,63,60,60,50,60,41,35,0,60,44,22,53,53,41,50,60,60,53,53,41,60,50,38,63,63,38,53,44,60,56,50,60,28,44,60,60,50,41,60,56,35,41,31,44,63,13,44,56,35,44,0.61,1
47,63,53,53,47,60,47,50,56,47,56,69,16,47,56,72,47,53,47,50,38,13,50,3,19,31,60,47,53,47,38,47,38,13,50,63,38,63,60,60,50,60,41,35,0,60,44,22,53,53,41,50,60,60,53,53,41,60,50,38,63,63,38,53,44,60,56,50,60,28,44,60,60,50,41,60,56,35,41,31,44,63,13,44,56,35,44,0.83,1
78,78,53,69,72,69,69,53,78,53,72,25,50,53,31,47,69,81,56,56,53,56,44,69,31,41,53,78,56,66,53,69,38,47,41,72,72,66,60,75,16,47,35,0,0,72,0,0,10,41,0,16,10,78,66,66,44,53,31,0,75,78,41,31,0,53,72,66,25,0,63,78,66,50,0,41,13,0,0,0,60,35,0,72,38,22,13,0.014,0
63,69,47,63,53,56,56,38,63,38,60,3,53,44,3,41,60,63,50,47,44,28,3,28,16,16,31,63,47,63,41,50,3,0,3,63,50,60,60,60,0,38,16,0,0,60,0,0,0,44,0,0,0,69,60,60,44,50,22,0,69,75,47,22,0,63,66,50,0,0,56,69,66,47,0,0,0,0,0,0,53,3,0,66,38,6,0,0.65,1
53,50,44,50,31,60,44,44,50,44,50,72,19,41,50,75,44,53,50,44,50,22,44,28,22,25,50,50,50,50,28,44,44,3,44,50,44,47,50,69,38,53,44,25,31,72,28,25,53,50,25,35,56,53,47,47,44,56,50,28,50,56,38,50,13,53,50,53,50,25,44,56,60,53,28,53,56,31,44,25,31,69,0,31,47,35,44,0.64,1
50,53,44,44,25,53,35,38,50,35,47,66,0,31,60,69,31,63,50,41,44,19,56,44,13,22,60,50,44,50,31,35,53,28,56,53,35,50,50,72,60,41,47,28,22,72,44,25,47,47,41,50,50,63,50,50,35,50,47,25,60,53,25,50,16,50,50,60,69,28,47,69,56,50,38,72,66,44,56,31,35,72,10,35,72,31,44,0.68,1
44,56,44,53,3,50,28,47,56,31,53,3,10,31,0,16,60,56,50,28,25,3,0,10,25,19,3,47,47,44,28,28,0,0,0,63,22,53,50,63,19,19,0,0,0,72,0,0,0,25,10,0,0,53,53,44,31,47,19,0,75,72,35,22,0,50,66,25,25,0,28,50,53,41,0,25,0,0,0,0,63,25,0,72,38,16,0,0.98,1
44,56,44,53,3,50,28,47,56,31,53,3,10,31,0,16,60,56,50,28,25,3,0,10,25,19,3,47,47,44,28,28,0,0,0,63,22,53,50,63,19,19,0,0,0,72,0,0,0,25,10,0,0,53,53,44,31,47,19,0,75,72,35,22,0,50,66,25,25,0,28,50,53,41,0,25,0,0,0,0,63,25,0,72,38,16,0,0.98,1
47,44,44,31,19,50,28,31,50,31,50,41,0,38,25,50,47,53,50,31,28,16,25,28,22,25,50,47,53,47,31,25,41,3,25,50,41,47,47,53,75,47,44,28,28,69,53,25,31,47,66,72,47,50,50,47,28,47,41,25,50,50,25,41,28,50,31,66,69,25,31,50,56,50,50,69,66,50,69,28,47,50,22,44,56,25,28,0.82,1
50,47,41,47,3,56,19,47,50,38,50,50,3,41,19,50,25,50,47,44,38,3,35,3,0,3,38,47,50,35,31,25,13,0,16,50,31,50,50,50,35,35,41,25,25,56,28,31,44,41,28,28,50,47,47,44,28,50,50,44,50,47,31,53,22,53,44,38,41,31,25,47,56,53,25,50,47,25,28,47,28,53,0,25,41,28,41,0.029,0
56,75,63,56,0,56,28,50,75,47,91,31,6,47,16,31,22,69,60,35,28,10,16,25,13,13,28,50,50,56,28,28,16,0,16,97,66,72,91,53,28,31,13,16,0,56,0,13,25,50,13,16,25,60,50,31,50,28,22,16,75,75,50,38,13,56,72,25,31,13,63,60,53,35,0,31,16,0,13,13,22,35,0,19,31,13,19,0.067,0
50,69,50,53,0,53,47,50,72,47,72,3,25,38,0,22,50,60,63,38,41,0,0,19,25,22,3,47,47,50,41,38,0,0,0,72,41,66,66,60,3,25,16,0,0,69,0,0,0,44,0,0,0,53,47,47,41,44,25,0,75,69,38,28,0,53,66,28,25,0,41,56,63,41,0,25,0,0,0,0,53,25,0,53,47,6,0,0.97,1
75,75,56,72,50,75,60,47,72,63,75,25,16,53,0,41,66,75,60,50,50,19,13,50,53,47,44,78,75,56,47,66,6,0,0,75,53,69,69,78,16,35,25,16,0,63,0,0,0,28,0,0,0,75,66,50,31,44,22,0,75,75,35,22,0,44,75,53,3,3,60,75,72,53,0,0,10,0,0,0,53,13,0,69,22,13,3,0.015,0
75,75,56,72,50,75,60,47,72,63,75,25,16,53,0,41,66,75,60,50,50,19,13,50,53,47,44,78,75,56,47,66,6,0,0,75,53,69,69,78,16,35,25,16,0,63,0,0,0,28,0,0,0,75,66,50,31,44,22,0,75,75,35,22,0,44,75,53,3,3,60,75,72,53,0,0,10,0,0,0,53,13,0,69,22,13,3,0.25,0
75,75,56,72,50,75,60,47,72,63,75,25,16,53,0,41,66,75,60,50,50,19,13,50,53,47,44,78,75,56,47,66,6,0,0,75,53,69,69,78,16,35,25,16,0,63,0,0,0,28,0,0,0,75,66,50,31,44,22,0,75,75,35,22,0,44,75,53,3,3,60,75,72,53,0,0,10,0,0,0,53,13,0,69,22,13,3,0.015,0
75,75,56,72,50,75,60,47,72,63,75,25,16,53,0,41,66,75,60,50,50,19,13,50,53,47,44,78,75,56,47,66,6,0,0,75,53,69,69,78,16,35,25,16,0,63,0,0,0,28,0,0,0,75,66,50,31,44,22,0,75,75,35,22,0,44,75,53,3,3,60,75,72,53,0,0,10,0,0,0,53,13,0,69,22,13,3,0.25,0
75,75,56,72,50,75,60,47,72,63,75,25,16,53,0,41,66,75,60,50,50,19,13,50,53,47,44,78,75,56,47,66,6,0,0,75,53,69,69,78,16,35,25,16,0,63,0,0,0,28,0,0,0,75,66,50,31,44,22,0,75,75,35,22,0,44,75,53,3,3,60,75,72,53,0,0,10,0,0,0,53,13,0,69,22,13,3,0.25,0
75,75,56,72,50,75,60,47,72,63,75,25,16,53,0,41,66,75,60,50,50,19,13,50,53,47,44,78,75,56,47,66,6,0,0,75,53,69,69,78,16,35,25,16,0,63,0,0,0,28,0,0,0,75,66,50,31,44,22,0,75,75,35,22,0,44,75,53,3,3,60,75,72,53,0,0,10,0,0,0,53,13,0,69,22,13,3,0.091,0
75,75,56,72,50,75,60,47,72,63,75,25,16,53,0,41,66,75,60,50,50,19,13,50,53,47,44,78,75,56,47,66,6,0,0,75,53,69,69,78,16,35,25,16,0,63,0,0,0,28,0,0,0,75,66,50,31,44,22,0,75,75,35,22,0,44,75,53,3,3,60,75,72,53,0,0,10,0,0,0,53,13,0,69,22,13,3,0.25,0
60,60,53,53,16,53,50,50,69,60,72,22,13,60,0,31,50,72,53,38,38,19,16,22,44,47,31,56,53,53,50,41,0,0,3,75,50,60,66,60,22,41,22,3,0,60,13,0,0,47,13,13,0,60,50,38,31,38,25,0,66,66,35,25,0,47,56,28,19,0,50,66,53,50,13,22,19,22,19,0,53,19,0,53,28,0,3,0.29,0
50,47,41,35,10,53,25,35,47,25,50,53,16,31,47,63,47,50,50,31,31,22,50,50,19,19,60,47,44,44,38,31,50,16,47,50,47,50,47,56,66,47,50,28,41,72,28,19,44,35,47,50,56,50,50,47,41,50,50,22,50,53,28,50,25,50,44,63,72,19,47,53,53,50,47,72,66,44,56,19,44,69,6,47,72,41,50,0.87,1
63,72,50,56,6,53,53,47,75,38,69,0,22,38,0,22,69,69,50,47,47,19,0,41,53,31,6,66,50,56,44,47,0,0,0,69,47,60,63,69,13,28,13,0,0,60,0,0,0,38,0,0,0,72,53,47,31,47,25,0,75,75,41,22,0,50,72,28,0,0,53,72,69,41,0,0,0,3,0,0,75,0,0,75,16,3,0,0.94,1
47,50,50,31,6,50,35,50,53,44,50,35,3,44,16,38,35,50,50,41,31,10,25,19,28,31,41,47,47,38,41,35,13,0,16,53,28,50,50,53,50,50,41,13,35,63,25,10,41,47,38,44,47,44,53,44,31,44,41,10,53,47,25,47,13,50,28,47,63,13,31,44,53,47,25,56,47,41,47,13,41,53,10,38,50,44,38,0.6,1
75,72,60,72,3,63,72,60,69,53,75,3,25,53,0,25,44,72,60,53,53,22,13,44,44,44,35,75,66,69,50,66,6,0,0,75,72,66,66,78,13,25,22,0,0,56,0,0,0,41,0,0,0,75,66,63,44,47,25,0,75,72,38,25,0,50,75,41,0,0,72,72,72,41,0,0,0,0,0,0,44,0,0,44,19,6,0,0.23,0
56,66,66,53,50,69,35,56,72,41,69,53,16,44,38,69,41,69,50,50,47,19,38,16,19,22,44,53,50,53,38,31,25,0,31,75,38,66,66,78,47,47,25,0,25,75,19,0,28,50,22,31,31,66,50,56,50,60,41,0,75,63,41,38,0,53,63,44,53,0,47,66,63,47,25,56,44,25,31,0,38,53,3,41,53,28,25,0.028,0
60,56,53,53,22,63,44,47,60,47,63,66,22,50,53,60,35,60,53,53,47,28,47,16,38,44,53,56,56,53,56,38,41,10,50,72,44,63,66,69,53,50,60,69,16,66,53,38,56,56,41,50,56,63,56,60,50,63,47,41,72,66,41,53,41,56,60,56,60,41,44,69,63,69,35,66,56,35,47,56,38,66,19,38,53,35,53,0.029,0
56,72,56,66,22,66,44,50,75,50,72,31,13,50,22,35,31,69,50,75,75,22,31,38,25,25,31,56,53,72,47,44,31,3,19,75,50,66,69,69,31,28,25,13,10,56,25,13,25,47,25,25,25,56,47,44,25,28,31,16,75,72,47,31,10,50,72,41,38,16,47,66,56,47,25,44,28,25,25,13,28,41,0,28,47,25,25,0.0088,0
50,53,44,47,10,60,38,44,60,38,53,47,13,38,31,47,50,60,50,41,44,19,35,19,22,35,53,50,56,50,41,41,44,31,35,60,47,50,50,72,63,41,44,41,19,66,44,19,41,44,47,44,53,56,53,50,38,50,41,22,60,50,38,47,50,53,44,72,66,28,41,63,63,60,35,63,60,41,60,22,44,53,16,47,66,44,44,0.72,1
47,41,47,25,0,53,25,41,47,31,47,38,0,35,19,41,50,50,50,38,35,16,28,25,13,25,50,44,53,41,38,28,31,10,22,53,31,56,44,66,66,47,50,31,41,63,44,16,22,44,50,66,28,47,44,47,25,44,35,19,50,41,28,31,19,50,35,56,56,25,38,50,50,50,47,56,53,53,63,25,47,47,13,47,53,31,25,0.75,1
53,75,50,63,22,53,47,44,60,35,53,10,22,35,10,22,47,63,50,44,47,16,19,16,16,16,28,53,50,56,31,44,13,0,6,63,50,53,53,53,25,47,31,10,0,72,0,0,0,41,13,13,3,66,53,60,44,50,19,0,72,75,38,31,0,50,63,56,31,0,50,63,56,56,0,47,6,0,0,0,47,44,0,50,47,10,3,0.38,0
72,72,50,56,81,56,72,47,60,50,66,31,35,50,0,53,72,75,50,50,47,44,50,66,38,41,47,78,50,69,44,69,28,0,0,69,69,53,56,75,16,50,28,3,0,66,0,0,16,38,0,0,16,72,75,63,50,60,35,0,75,78,44,41,0,56,56,56,3,0,69,75,75,56,0,19,0,0,0,0,69,16,0,75,25,16,0,0.017,0
66,53,66,53,16,72,50,60,69,56,72,31,13,53,25,50,53,69,72,56,53,19,25,38,50,53,56,56,75,53,66,47,28,0,22,75,60,69,72,75,53,50,25,16,25,60,25,13,28,53,28,44,31,63,53,50,31,53,28,10,75,56,47,31,13,56,53,53,56,16,56,75,66,44,25,53,44,31,31,16,53,31,19,53,53,28,25,0.1,0
50,35,38,25,6,56,25,31,50,25,53,47,3,28,25,44,41,50,53,38,35,19,35,10,19,22,53,50,53,28,38,25,28,10,22,53,28,53,50,56,69,44,50,35,47,66,38,19,50,31,56,60,50,50,53,44,28,47,31,19,53,28,25,41,28,53,28,56,72,22,28,56,56,53,50,63,66,56,53,35,31,63,22,35,53,31,38,0.83,1
60,60,44,50,41,69,44,38,60,25,53,72,16,28,44,72,47,60,50,41,44,19,50,25,13,25,50,53,50,50,38,44,35,0,35,69,31,53,53,69,47,50,44,28,22,69,38,19,53,47,28,41,56,53,50,53,41,63,41,19,69,66,41,50,22,53,56,50,56,25,38,56,60,60,28,53,60,31,47,25,35,69,6,44,50,25,44,0.76,1
53,75,47,72,78,72,50,44,72,41,60,50,13,41,47,56,50,75,53,50,53,25,47,38,19,31,53,53,50,60,38,53,44,0,44,66,50,56,60,69,31,50,22,10,22,75,19,0,28,41,25,25,28,69,66,53,50,50,28,0,69,75,44,41,6,53,72,53,53,0,50,66,69,47,25,53,47,22,28,0,50,53,0,53,53,28,22,0.61,1
56,75,50,69,78,63,53,38,69,28,72,31,28,38,44,50,69,75,50,50,50,16,47,38,22,31,56,66,50,66,44,53,38,0,28,75,50,56,53,72,31,53,25,3,0,72,16,0,16,44,10,19,22,75,72,60,41,53,28,0,75,75,44,25,6,50,75,50,44,0,53,75,72,41,10,50,31,16,19,0,66,41,0,69,50,22,19,0.021,0
56,56,41,50,47,66,41,38,60,31,53,75,19,35,44,78,41,63,56,41,47,0,47,28,22,22,66,56,47,56,44,47,28,0,44,66,28,53,53,69,44,53,38,16,22,69,38,10,47,47,25,41,56,53,50,53,47,63,60,13,66,56,41,56,13,69,53,44,53,13,35,66,63,63,28,60,47,35,41,25,47,63,0,44,50,44,35,0.85,1
72,75,72,78,28,69,72,56,75,53,75,25,22,72,0,25,47,78,60,56,60,22,0,47,47,31,22,75,69,69,53,72,3,0,0,75,72,75,75,72,10,28,25,0,0,53,0,0,0,41,0,0,0,72,53,47,35,31,25,0,75,75,35,25,0,53,78,44,0,0,72,72,66,47,0,0,13,0,0,0,47,13,0,44,19,3,0,0.003,0
72,75,72,78,28,69,72,56,75,53,75,25,22,72,0,25,47,78,60,56,60,22,0,47,47,31,22,75,69,69,53,72,3,0,0,75,72,75,75,72,10,28,25,0,0,53,0,0,0,41,0,0,0,72,53,47,35,31,25,0,75,75,35,25,0,53,78,44,0,0,72,72,66,47,0,0,13,0,0,0,47,13,0,44,19,3,0,0.015,0
72,75,72,78,28,69,72,56,75,53,75,25,22,72,0,25,47,78,60,56,60,22,0,47,47,31,22,75,69,69,53,72,3,0,0,75,72,75,75,72,10,28,25,0,0,53,0,0,0,41,0,0,0,72,53,47,35,31,25,0,75,75,35,25,0,53,78,44,0,0,72,72,66,47,0,0,13,0,0,0,47,13,0,44,19,3,0,0.015,0
75,75,78,69,31,72,53,75,97,69,88,25,10,69,0,28,25,78,69,53,53,13,13,41,10,10,19,72,69,60,47,47,0,0,0,91,53,72,75,81,25,28,22,13,3,63,19,13,13,47,22,16,25,72,53,47,41,41,28,13,85,78,41,35,19,50,78,31,3,13,53,72,63,44,19,25,25,19,22,13,25,22,0,28,22,10,22,0.0031,0
50,50,56,50,3,63,35,60,53,44,53,0,0,47,0,22,28,53,47,50,50,19,22,3,0,6,25,50,53,50,31,35,0,0,0,69,47,53,50,66,35,38,25,6,19,50,25,0,0,50,28,44,3,50,50,47,41,41,25,3,72,53,41,31,10,50,50,44,28,0,50,53,50,53,31,38,28,28,35,0,25,0,3,25,41,10,3,0.084,0
66,66,69,53,13,72,44,56,75,50,75,0,6,50,0,13,22,69,66,78,63,19,0,47,19,22,13,53,72,60,56,47,0,0,0,75,75,63,72,69,69,28,28,31,47,53,72,3,6,44,63,66,13,60,53,41,28,41,28,0,78,69,53,31,31,53,56,63,28,25,75,69,56,50,85,50,72,69,38,6,25,0,50,25,25,16,25,0.004,0
53,69,47,56,44,56,47,44,69,38,60,28,22,38,0,35,66,72,47,35,31,19,19,41,28,28,28,53,50,47,31,44,3,0,0,69,50,60,60,69,19,41,28,25,0,72,0,13,13,41,10,0,16,60,56,53,50,47,31,10,72,72,31,38,0,50,66,66,25,10,50,72,60,60,0,28,22,0,0,10,63,25,0,72,38,16,13,0.0036,0
69,78,60,66,10,60,50,53,75,53,72,3,28,47,0,22,47,75,50,38,38,19,16,13,28,19,41,63,56,56,44,47,3,0,0,78,41,63,66,66,35,28,13,10,3,72,0,0,0,41,13,0,0,75,60,56,50,50,22,0,78,85,41,35,0,50,72,38,19,0,44,75,63,47,0,19,0,0,0,0,50,13,0,50,19,25,0,0.9,1
31,31,28,22,6,44,31,35,38,25,41,50,3,22,31,47,16,31,44,25,22,6,31,6,6,22,50,28,31,25,25,19,31,10,31,44,16,44,41,50,50,35,35,28,25,66,25,19,28,28,35,56,28,38,35,31,25,31,16,10,47,25,25,28,13,31,25,31,56,22,22,47,44,35,44,47,53,50,31,22,22,50,16,16,50,25,31,0.37,0
31,31,28,22,6,44,31,35,38,25,41,50,3,22,31,47,16,31,44,25,22,6,31,6,6,22,50,28,31,25,25,19,31,10,31,44,16,44,41,50,50,35,35,28,25,66,25,19,28,28,35,56,28,38,35,31,25,31,16,10,47,25,25,28,13,31,25,31,56,22,22,47,44,35,44,47,53,50,31,22,22,50,16,16,50,25,31,0.37,0
41,44,44,31,13,47,25,28,47,25,47,56,3,25,31,53,25,47,47,28,31,0,31,10,6,10,38,38,44,28,31,25,22,0,19,44,22,47,44,47,50,35,41,16,22,56,25,13,38,35,25,47,35,44,50,35,28,53,31,13,47,31,25,47,13,47,31,35,50,13,25,44,53,44,41,53,50,44,41,22,25,53,3,25,50,25,28,0.67,1
72,72,78,72,10,63,47,75,81,69,94,10,13,72,0,19,22,69,72,75,66,13,0,19,44,44,0,69,69,69,60,50,0,0,0,94,72,75,97,75,22,25,0,3,0,60,0,0,0,47,0,0,0,75,56,50,44,38,22,0,78,75,53,28,0,60,75,25,6,0,72,75,69,50,0,0,6,0,0,0,35,0,0,19,10,19,0,0.0081,0
75,75,75,66,16,78,72,69,75,66,85,16,6,72,0,25,28,75,72,94,78,22,22,44,25,38,41,72,72,72,72,66,22,0,0,91,72,75,75,69,47,41,38,19,13,66,25,0,0,47,38,25,0,69,69,53,44,41,28,3,78,69,44,44,22,53,63,60,35,19,69,69,72,56,25,41,38,41,47,3,25,22,6,31,25,10,0,0.013,0
47,47,41,41,16,47,47,47,47,22,47,50,10,25,60,50,25,47,47,22,22,0,56,13,22,25,50,47,41,41,25,44,38,28,63,53,25,47,47,53,35,44,38,22,22,60,22,19,22,41,28,44,22,53,44,47,28,41,28,22,53,50,25,28,13,50,44,53,66,19,28,53,56,47,25,60,56,25,44,22,38,60,6,25,66,25,35,0.85,1
56,72,53,53,41,53,50,47,75,47,63,25,22,53,0,35,44,69,56,44,44,53,19,56,25,25,44,69,53,50,44,50,22,0,0,69,72,66,63,66,19,56,25,10,0,72,0,0,13,44,16,0,19,60,53,53,31,44,28,0,69,69,38,28,0,53,53,69,28,0,72,69,66,50,0,47,3,0,3,0,44,28,0,44,44,10,0,0.037,0
56,56,50,50,38,53,47,44,69,50,66,60,0,47,56,69,28,72,60,53,47,19,56,22,16,25,63,56,56,50,44,41,50,38,56,75,50,66,53,75,53,53,56,50,25,66,50,41,47,53,50,63,53,63,53,56,44,60,47,28,78,56,28,47,28,53,50,53,69,35,50,66,66,56,50,75,72,53,56,35,31,72,13,28,69,25,50,0.18,0
72,75,63,75,0,60,56,53,75,53,75,0,19,50,0,13,50,72,66,50,50,13,0,44,56,22,13,60,53,69,66,56,0,0,0,75,53,66,69,69,19,19,0,0,0,63,0,0,0,28,6,0,0,60,53,38,31,31,16,0,75,75,28,22,0,44,75,25,0,0,56,63,53,28,0,6,0,0,0,0,53,0,0,56,3,13,0,0.0055,0
72,75,66,69,19,72,66,47,75,50,72,25,44,53,10,47,53,78,60,53,56,38,38,53,50,44,44,69,69,60,66,66,22,0,13,75,56,60,66,75,19,35,19,3,0,69,0,0,6,41,13,0,6,75,56,50,44,44,19,0,75,75,41,25,0,47,69,50,28,0,60,75,69,44,0,31,10,0,0,3,53,25,0,50,28,25,6,0.035,0
35,44,41,31,13,41,22,28,53,25,56,53,0,25,38,50,25,44,38,28,28,13,31,16,13,16,28,44,53,28,25,25,41,22,31,56,25,50,50,56,56,44,50,31,25,56,44,19,50,38,53,53,47,47,50,31,28,38,25,22,56,47,25,38,31,50,28,47,72,28,31,50,53,53,41,63,66,53,69,25,22,56,25,25,53,31,47,0.72,1
50,53,47,50,22,50,44,50,66,44,56,44,28,38,56,53,22,63,56,41,41,25,60,28,19,28,56,60,50,50,38,35,56,50,66,66,44,63,63,66,35,50,28,28,19,72,25,19,25,47,25,38,25,53,50,44,35,47,28,25,69,63,35,28,10,50,50,60,53,22,47,53,60,44,25,53,44,25,28,25,25,53,0,22,63,25,25,0.003,0
69,69,60,56,22,72,53,50,72,66,72,22,13,50,0,47,56,69,72,50,50,16,25,50,56,53,53,69,75,66,75,53,0,0,0,72,50,66,66,75,28,47,28,25,0,69,19,3,0,50,10,13,19,72,60,56,53,53,25,0,72,72,44,47,3,53,69,72,3,3,53,72,78,60,19,6,22,19,19,16,53,19,0,53,19,10,0,0.071,0
69,69,60,56,22,72,53,50,72,66,72,22,13,50,0,47,56,69,72,50,50,16,25,50,56,53,53,69,75,66,75,53,0,0,0,72,50,66,66,75,28,47,28,25,0,69,19,3,0,50,10,13,19,72,60,56,53,53,25,0,72,72,44,47,3,53,69,72,3,3,53,72,78,60,19,6,22,19,19,16,53,19,0,53,19,10,0,0.071,0
53,44,44,28,10,50,28,35,50,25,50,72,0,28,60,72,25,56,50,35,35,16,56,22,10,10,47,50,44,44,41,28,35,22,53,53,28,47,47,69,53,50,63,44,31,66,25,41,66,50,44,53,69,53,50,53,41,53,63,41,47,35,28,50,22,63,31,50,60,31,35,53,50,60,41,72,69,44,50,41,22,75,13,22,50,31,53,0.59,1
53,50,47,50,19,53,31,38,53,28,53,50,16,25,53,53,28,60,44,31,38,22,53,16,22,19,53,50,50,47,25,28,47,35,56,63,47,53,50,66,35,44,47,22,22,66,44,19,22,41,28,53,38,53,53,50,28,50,41,25,66,53,25,44,13,50,53,50,56,19,47,60,60,47,31,60,53,28,35,41,28,50,13,31,53,28,35,0.003,0
35,41,44,25,0,41,25,50,50,28,44,19,0,31,0,28,25,41,38,28,25,6,0,6,16,13,19,25,44,35,25,25,0,0,0,47,25,50,47,47,47,28,6,0,16,53,25,0,13,41,28,28,16,35,28,25,28,28,19,0,66,47,25,25,25,47,35,25,47,0,25,47,53,25,25,41,28,38,31,0,25,19,0,25,28,22,16,0.81,1
47,47,47,31,6,53,31,35,50,35,50,31,3,35,0,44,38,50,50,28,28,6,25,16,28,31,44,31,50,44,41,31,19,0,0,50,47,53,47,53,50,50,25,13,19,63,22,0,25,47,28,44,28,47,47,47,25,50,38,3,50,44,25,31,16,50,44,47,53,0,47,47,53,44,28,50,44,41,35,0,44,47,10,35,50,38,22,0.3,0
66,75,66,72,53,56,44,53,72,41,75,28,13,41,0,28,41,75,50,50,50,13,19,13,16,22,25,56,63,60,47,35,13,0,0,75,50,66,60,72,31,47,25,19,6,75,16,19,16,41,25,31,25,75,56,63,53,53,22,19,75,75,41,25,3,50,75,50,50,16,50,75,72,50,22,50,44,28,31,19,28,44,0,28,50,13,22,0.0044,0
66,75,66,72,53,56,44,53,72,41,75,28,13,41,0,28,41,75,50,50,50,13,19,13,16,22,25,56,63,60,47,35,13,0,0,75,50,66,60,72,31,47,25,19,6,75,16,19,16,41,25,31,25,75,56,63,53,53,22,19,75,75,41,25,3,50,75,50,50,16,50,75,72,50,22,50,44,28,31,19,28,44,0,28,50,13,22,0.08,0
66,75,66,72,53,56,44,53,72,41,75,28,13,41,0,28,41,75,50,50,50,13,19,13,16,22,25,56,63,60,47,35,13,0,0,75,50,66,60,72,31,47,25,19,6,75,16,19,16,41,25,31,25,75,56,63,53,53,22,19,75,75,41,25,3,50,75,50,50,16,50,75,72,50,22,50,44,28,31,19,28,44,0,28,50,13,22,0.08,0
53,50,44,47,19,63,35,35,50,35,53,69,19,38,53,72,35,66,50,44,38,16,53,22,19,22,53,63,47,50,44,31,44,13,53,53,35,50,50,66,53,47,41,22,31,69,31,19,50,35,31,47,53,50,50,44,31,56,31,19,50,50,28,44,16,47,50,44,53,22,47,63,50,47,28,56,50,47,53,25,44,53,3,35,53,41,31,0.61,1
56,66,75,50,10,75,44,50,75,56,72,28,13,60,16,44,25,69,50,50,50,16,28,10,13,16,31,56,63,56,38,41,13,0,16,75,31,66,69,75,50,44,41,28,44,66,38,25,28,50,50,50,50,69,47,56,47,50,47,25,75,60,38,50,50,60,50,47,50,28,47,69,56,56,44,50,50,53,50,25,28,47,6,25,47,25,47,0.025,0
35,47,50,38,0,53,28,47,53,44,53,25,0,44,0,22,13,47,44,38,22,16,16,28,22,25,25,31,53,38,31,35,3,0,0,66,50,50,53,56,35,44,25,0,10,56,22,0,16,25,28,31,25,50,53,38,25,31,28,0,66,50,16,31,16,50,47,38,47,0,53,50,53,38,25,50,31,28,31,13,19,31,0,16,50,25,13,0.61,1
47,50,44,50,3,44,25,50,56,28,56,41,0,35,19,38,38,50,56,22,28,10,22,10,16,16,22,41,44,41,22,25,3,0,3,66,31,56,53,53,47,31,50,44,31,56,25,25,44,47,35,44,44,50,53,31,25,50,28,22,66,56,28,38,19,47,53,35,53,28,28,50,53,56,41,50,56,44,47,38,25,50,16,28,53,22,50,0.68,1
47,50,44,50,3,44,25,50,56,28,56,41,0,35,19,38,38,50,56,22,28,10,22,10,16,16,22,41,44,41,22,25,3,0,3,66,31,56,53,53,47,31,50,44,31,56,25,25,44,47,35,44,44,50,53,31,25,50,28,22,66,56,28,38,19,47,53,35,53,28,28,50,53,56,41,50,56,44,47,38,25,50,16,28,53,22,50,0.029,0
47,50,44,50,3,44,25,50,56,28,56,41,0,35,19,38,38,50,56,22,28,10,22,10,16,16,22,41,44,41,22,25,3,0,3,66,31,56,53,53,47,31,50,44,31,56,25,25,44,47,35,44,44,50,53,31,25,50,28,22,66,56,28,38,19,47,53,35,53,28,28,50,53,56,41,50,56,44,47,38,25,50,16,28,53,22,50,0.94,1
47,56,53,50,0,50,25,60,69,47,60,25,10,47,16,35,31,53,50,38,28,16,16,0,25,28,16,44,50,44,35,25,16,0,16,72,31,66,66,53,35,25,25,13,13,60,25,13,25,28,25,28,25,47,44,44,28,44,28,16,75,56,35,31,10,50,50,25,25,16,41,47,53,47,25,28,35,25,25,13,47,35,0,41,35,28,25,0.97,1
44,53,53,47,10,50,25,47,53,28,53,31,13,50,22,31,28,50,41,6,31,22,22,41,31,38,38,47,38,47,28,28,35,0,22,53,72,53,53,50,44,50,31,0,6,63,16,0,28,31,31,38,28,47,53,28,25,25,22,0,50,47,25,28,13,47,44,63,69,0,66,50,56,50,25,69,60,28,38,0,35,60,3,38,72,31,28,0.035,0
53,66,50,53,10,50,44,50,63,35,66,6,16,35,0,19,60,72,50,28,35,0,0,38,25,19,16,50,41,66,25,44,0,0,0,75,41,56,53,69,13,19,10,0,0,66,0,0,0,25,0,0,0,72,53,50,44,50,16,0,72,72,35,19,0,47,60,22,16,0,47,69,66,25,0,16,0,0,0,0,69,10,0,69,25,6,0,0.17,0
44,31,50,25,0,47,22,44,47,28,53,0,0,28,0,16,16,44,25,22,22,0,10,6,10,13,6,35,44,31,16,19,0,0,0,63,22,50,53,63,47,25,31,25,22,47,22,16,16,44,25,25,44,47,35,25,25,31,31,16,63,35,25,35,13,53,35,22,35,25,22,50,47,53,28,44,31,35,22,28,13,19,6,10,25,13,19,0.08,0
50,50,44,47,28,60,47,41,50,35,50,72,10,41,50,75,41,47,50,50,44,13,50,10,19,25,50,47,47,47,41,41,44,6,47,53,28,50,50,60,53,50,44,31,35,66,31,25,66,47,47,47,66,50,56,53,41,60,63,28,53,53,31,56,28,53,44,50,66,25,31,50,56,53,41,66,72,47,53,25,41,66,13,41,50,41,53,0.97,1
44,44,44,28,0,44,25,31,47,25,47,31,0,28,3,31,25,41,47,28,25,0,25,6,6,13,31,38,31,28,31,25,3,0,0,47,25,50,47,44,44,41,25,6,19,60,25,0,35,25,28,35,41,41,50,38,25,41,28,0,50,44,25,25,22,47,31,41,63,0,25,44,53,44,25,53,47,25,50,10,25,50,3,25,47,25,19,0.64,1
44,44,44,28,0,44,25,31,47,25,47,31,0,28,3,31,25,41,47,28,25,0,25,6,6,13,31,38,31,28,31,25,3,0,0,47,25,50,47,44,44,41,25,6,19,60,25,0,35,25,28,35,41,41,50,38,25,41,28,0,50,44,25,25,22,47,31,41,63,0,25,44,53,44,25,53,47,25,50,10,25,50,3,25,47,25,19,0.0049,0
66,72,72,66,22,66,41,50,75,50,75,31,13,53,0,35,31,75,50,44,41,13,19,13,19,19,28,53,60,60,44,35,0,0,0,75,41,69,72,75,35,44,44,22,25,75,25,22,25,50,22,31,38,75,47,60,44,56,28,22,75,72,44,44,25,56,66,38,44,22,47,72,60,56,25,38,44,28,38,25,31,38,0,35,47,22,31,0.0044,0
63,72,50,69,56,53,50,44,66,28,66,28,10,35,19,47,50,72,53,47,47,13,25,25,25,25,47,60,50,56,44,47,16,0,16,72,47,53,53,69,25,53,25,0,0,75,0,0,25,31,6,13,25,72,66,63,41,53,25,0,75,75,31,25,6,56,69,47,44,0,50,72,75,47,0,50,25,0,25,0,50,47,0,50,50,22,19,0.9,1
47,47,38,41,16,56,25,22,50,22,50,60,3,25,44,63,35,50,44,31,25,19,50,19,13,19,56,41,44,41,25,25,25,13,38,50,31,50,47,60,56,38,50,25,22,63,25,19,53,28,38,44,60,50,44,44,25,53,35,28,50,53,25,41,22,56,38,50,60,22,28,53,56,50,28,69,56,41,50,19,31,66,3,35,53,25,41,0.65,1
41,66,41,50,0,56,25,44,60,28,47,0,19,35,0,25,25,47,50,41,28,10,0,3,22,22,25,47,44,44,41,25,13,0,0,50,25,63,56,47,25,25,22,0,0,72,13,0,16,44,16,22,10,50,53,44,38,63,25,0,63,72,35,28,16,60,53,35,25,0,28,47,63,44,10,25,16,13,16,0,28,25,0,35,69,53,0,0.99,1
47,56,53,50,25,53,35,53,72,38,60,28,10,38,22,41,28,50,44,53,38,19,25,19,19,28,38,50,47,53,31,28,25,0,22,75,41,69,53,53,35,47,28,13,19,78,19,0,19,50,28,38,22,50,50,35,28,47,25,0,72,63,25,31,6,50,53,35,50,0,44,60,56,47,25,53,44,28,28,3,35,50,10,28,53,25,22,0.68,1
47,56,53,50,25,53,35,53,72,38,60,28,10,38,22,41,28,50,44,53,38,19,25,19,19,28,38,50,47,53,31,28,25,0,22,75,41,69,53,53,35,47,28,13,19,78,19,0,19,50,28,38,22,50,50,35,28,47,25,0,72,63,25,31,6,50,53,35,50,0,44,60,56,47,25,53,44,28,28,3,35,50,10,28,53,25,22,0.27,0
78,75,72,56,69,75,47,72,75,53,75,47,16,69,13,44,44,78,72,56,53,25,25,35,50,50,44,75,69,72,63,44,35,6,10,75,53,72,75,81,31,53,50,22,3,78,22,0,31,47,25,47,44,78,69,63,47,50,47,0,75,75,44,47,0,72,60,56,72,0,56,78,72,47,22,78,66,28,25,0,50,75,3,50,81,47,44,0.0036,0
53,47,47,44,6,60,31,35,56,38,60,72,0,38,53,75,35,63,47,47,44,3,56,10,22,31,56,56,50,44,50,38,44,3,60,60,31,56,60,66,63,53,63,41,53,56,60,25,53,47,44,66,69,56,50,60,50,56,63,35,56,44,35,63,6,60,44,56,69,35,35,60,53,60,56,69,75,63,66,47,41,72,6,35,56,44,56,0.68,1
69,72,72,60,22,60,41,63,85,50,81,35,19,53,0,38,31,78,50,47,44,16,25,16,19,22,31,72,63,63,41,47,13,0,0,78,53,72,72,78,41,38,41,38,38,72,25,35,38,56,31,31,41,85,66,66,60,56,31,28,85,75,47,47,38,56,69,47,38,41,60,78,72,66,28,38,44,31,38,28,35,35,10,38,31,31,41,0.0044,0
53,69,69,56,56,63,35,53,72,38,69,53,6,50,41,53,28,63,60,50,50,25,31,25,19,22,44,53,56,60,44,28,31,0,28,72,50,63,66,72,44,47,41,0,22,72,22,0,28,47,28,44,31,63,53,60,50,50,47,0,75,72,35,38,0,50,69,50,50,0,50,60,53,47,31,63,50,35,31,0,28,63,0,31,50,25,38,0.13,0
75,75,75,72,56,72,53,72,75,53,75,0,19,60,0,22,50,75,56,69,69,19,13,53,44,44,47,72,69,66,47,56,0,0,0,75,63,66,75,75,19,35,16,0,3,60,0,0,0,41,3,3,0,75,72,47,31,47,19,0,75,75,44,28,0,50,75,38,6,0,53,75,69,44,0,0,0,0,3,0,50,0,0,53,22,10,0,0.0039,0
38,25,41,25,0,41,25,31,44,25,44,44,0,25,28,44,25,41,47,25,25,3,25,3,19,22,41,28,44,25,25,25,25,0,25,47,25,47,41,41,50,28,28,25,41,50,25,25,38,25,28,50,28,25,41,25,25,28,25,25,47,25,25,25,13,47,25,28,66,25,28,25,47,41,41,53,50,41,47,25,25,47,3,25,53,19,25,0.77,1
53,69,53,53,3,72,47,53,75,41,75,6,10,44,0,25,28,53,69,44,44,16,16,16,19,22,25,53,72,50,35,44,0,0,0,75,44,75,75,66,16,19,16,3,0,69,0,0,0,47,3,0,0,50,50,44,47,47,31,0,75,66,41,38,0,56,66,31,25,0,47,69,53,47,0,19,0,0,0,0,31,25,0,31,41,13,3,0.96,1
50,38,44,28,6,47,28,28,47,31,47,69,0,31,38,63,25,50,44,35,35,19,47,19,19,22,38,44,50,38,41,28,44,0,38,47,25,50,50,56,47,38,63,41,31,56,28,19,44,38,31,28,60,41,41,47,28,47,53,22,47,35,25,50,6,53,35,44,60,31,35,44,50,56,28,60,69,31,47,38,25,75,3,25,53,35,47,0.82,1
50,50,69,47,0,44,25,66,60,56,75,10,16,75,0,10,22,47,44,35,31,19,0,19,16,19,3,41,56,41,22,28,0,0,0,75,47,63,63,47,28,19,0,6,0,47,0,3,0,38,0,0,0,44,38,28,19,13,13,0,72,50,31,13,0,38,53,25,6,0,47,47,50,35,0,3,3,6,10,0,25,3,0,28,16,13,0,0.94,1
50,50,69,47,0,44,25,66,60,56,75,10,16,75,0,10,22,47,44,35,31,19,0,19,16,19,3,41,56,41,22,28,0,0,0,75,47,63,63,47,28,19,0,6,0,47,0,3,0,38,0,0,0,44,38,28,19,13,13,0,72,50,31,13,0,38,53,25,6,0,47,47,50,35,0,3,3,6,10,0,25,3,0,28,16,13,0,0.86,1
50,50,69,47,0,44,25,66,60,56,75,10,16,75,0,10,22,47,44,35,31,19,0,19,16,19,3,41,56,41,22,28,0,0,0,75,47,63,63,47,28,19,0,6,0,47,0,3,0,38,0,0,0,44,38,28,19,13,13,0,72,50,31,13,0,38,53,25,6,0,47,47,50,35,0,3,3,6,10,0,25,3,0,28,16,13,0,0.94,1
50,50,69,47,0,44,25,66,60,56,75,10,16,75,0,10,22,47,44,35,31,19,0,19,16,19,3,41,56,41,22,28,0,0,0,75,47,63,63,47,28,19,0,6,0,47,0,3,0,38,0,0,0,44,38,28,19,13,13,0,72,50,31,13,0,38,53,25,6,0,47,47,50,35,0,3,3,6,10,0,25,3,0,28,16,13,0,0.94,1
47,44,38,28,3,47,25,25,44,19,47,38,0,25,22,38,31,50,47,28,25,19,25,22,16,19,38,41,47,28,25,25,35,19,16,56,31,50,41,50,66,38,44,31,28,66,63,19,31,38,47,66,44,47,44,41,28,50,25,19,53,47,25,28,31,53,35,56,66,22,38,50,53,50,47,66,53,53,56,25,28,53,13,35,56,25,25,0.62,1
72,75,72,69,13,75,53,72,75,66,75,13,13,60,0,19,47,75,69,72,66,16,22,22,53,53,25,72,75,63,69,53,0,0,0,75,56,72,72,72,28,25,19,0,0,63,19,0,0,47,22,22,0,72,53,47,44,41,25,0,75,75,50,31,13,53,78,35,22,0,60,75,69,53,19,25,16,22,22,0,44,10,0,47,25,16,0,0.015,0
78,81,81,78,19,75,60,72,85,66,85,3,19,60,0,19,53,81,72,72,81,19,16,31,60,53,47,75,75,72,75,72,3,0,0,85,69,78,81,78,28,25,22,0,0,72,16,0,0,50,19,16,6,78,72,53,47,44,22,0,85,81,47,31,16,50,81,44,3,0,66,81,72,53,19,13,19,22,22,0,47,0,0,53,19,19,13,0.0046,0
53,56,41,47,22,53,35,31,50,28,47,47,6,28,31,53,28,50,47,38,28,19,38,16,13,19,47,41,50,41,31,31,31,28,31,53,28,50,47,50,44,50,31,13,16,75,16,3,28,28,22,31,31,53,47,38,28,47,31,10,63,53,25,38,3,47,44,53,60,0,41,50,56,44,19,60,50,22,44,3,25,50,0,25,69,28,25,0.95,1
63,60,47,63,22,50,47,44,66,38,56,13,28,41,6,31,44,63,53,44,41,31,35,41,22,22,47,60,50,56,38,47,16,6,3,66,47,63,56,60,25,41,28,10,3,72,0,3,6,35,16,3,3,56,53,50,47,47,25,3,72,75,41,31,3,47,66,66,35,3,47,56,60,38,0,31,6,3,3,6,47,28,3,50,38,31,6,0.68,1
56,75,50,78,50,63,56,44,72,44,72,10,28,47,25,47,60,75,50,50,50,31,44,53,35,31,50,72,56,72,50,56,28,0,25,75,56,66,56,75,19,44,25,3,0,69,0,0,0,47,13,10,3,75,72,50,28,53,28,3,75,78,44,28,0,53,78,53,28,3,56,75,72,50,0,25,0,0,0,0,60,28,0,63,28,16,0,0.1,0
53,50,44,38,19,56,53,41,60,25,47,56,6,41,50,56,25,53,50,38,44,22,60,22,13,16,53,53,53,50,47,47,41,50,53,50,38,50,50,75,53,50,50,47,22,75,53,19,50,44,35,53,53,63,50,53,38,50,44,25,66,47,28,44,16,50,41,53,66,28,44,69,66,60,47,75,75,53,53,41,25,69,19,25,66,25,53,0.003,0
56,53,47,50,25,53,50,50,60,31,60,50,0,50,50,53,50,60,50,50,50,28,75,44,35,35,56,53,53,56,47,47,50,56,63,60,47,50,50,75,60,66,50,28,31,75,50,25,25,47,38,63,47,72,56,56,44,50,41,25,69,60,47,47,31,53,50,60,56,25,50,72,69,56,47,66,50,44,44,31,50,53,6,50,69,44,41,0.15,0
60,56,47,53,44,69,53,31,53,25,53,63,38,25,53,75,47,66,50,47,47,28,72,31,19,25,66,56,50,53,44,53,53,53,69,53,50,50,50,69,41,60,41,28,19,72,22,16,41,50,22,28,50,69,53,53,53,63,53,25,60,56,44,53,16,53,56,53,63,22,50,69,69,63,25,69,50,22,38,22,50,75,0,50,69,28,38,0.81,1
69,75,72,72,28,72,53,66,75,50,81,10,13,50,0,19,47,75,63,81,78,19,6,25,3,19,25,56,72,69,44,53,13,0,0,91,69,75,75,75,28,38,16,10,13,69,10,0,0,56,10,19,0,72,60,50,44,41,28,10,75,75,50,41,10,56,75,47,10,0,69,75,69,50,22,16,22,25,22,0,41,0,0,50,35,16,3,0.0044,0
69,75,47,63,50,60,69,47,69,44,72,47,44,47,47,50,63,75,44,50,50,50,50,56,25,44,53,75,50,53,44,60,47,16,44,75,60,56,53,72,19,47,22,0,0,75,3,0,19,44,6,19,19,75,63,53,50,50,41,0,75,75,44,22,0,47,72,60,47,0,63,75,75,44,0,50,16,6,13,0,56,38,0,69,50,25,16,0.025,0
50,50,53,53,41,50,28,53,69,35,72,28,6,31,13,44,25,53,53,41,28,22,25,25,25,25,31,47,50,50,44,28,16,0,13,60,35,60,56,66,50,50,38,25,16,75,25,25,25,35,22,31,25,53,44,44,25,35,28,25,66,50,25,28,13,47,50,53,53,25,44,56,56,47,25,60,47,25,47,25,25,50,0,25,50,25,25,0.37,0
69,75,53,75,53,72,60,44,75,53,72,22,19,53,0,44,60,75,56,53,53,13,22,35,31,31,38,72,66,69,47,56,0,0,0,75,69,66,66,72,13,38,19,3,0,69,0,0,0,44,0,0,0,75,53,53,50,50,19,0,75,78,50,22,0,50,75,53,0,0,69,75,66,47,0,0,10,0,0,0,60,6,0,60,16,10,0,0.018,0
56,72,50,53,60,60,50,44,72,47,60,47,28,47,35,50,50,72,53,47,50,25,44,44,28,35,53,53,50,69,50,47,38,0,35,72,50,53,69,72,31,47,44,25,25,69,25,25,25,47,25,25,31,75,66,50,44,50,31,25,72,75,44,31,10,53,53,47,47,28,50,75,72,50,25,50,44,28,31,25,50,50,0,50,50,25,25,0.0036,0
47,53,44,31,3,53,25,31,50,25,50,50,16,28,41,53,25,50,44,31,31,28,41,22,22,22,50,41,38,35,28,25,31,0,28,56,41,53,53,53,41,44,38,16,0,72,28,13,41,28,25,31,38,50,50,44,25,47,31,13,60,50,28,25,13,56,41,53,56,13,50,50,50,44,25,69,47,28,31,13,25,69,0,25,56,25,28,0.92,1
53,75,56,69,10,53,44,69,75,50,72,6,22,47,0,19,44,56,56,47,47,19,0,13,22,25,28,47,60,53,35,41,3,0,3,75,50,75,72,56,13,22,6,0,0,72,0,0,0,47,6,3,0,50,53,50,41,53,22,0,75,75,44,31,6,50,75,31,22,0,50,53,60,47,0,19,16,0,10,0,41,16,0,47,41,28,6,0.86,1
69,75,69,72,47,69,53,69,75,50,75,25,22,50,6,28,47,75,50,75,56,25,25,31,13,16,28,66,53,56,47,53,19,6,3,78,53,75,75,78,50,28,22,0,22,60,25,0,25,44,28,28,22,75,63,50,31,44,28,0,75,75,41,31,16,50,72,44,28,0,53,75,66,53,28,47,47,41,31,0,41,28,16,47,35,22,16,0.021,0
47,50,47,44,19,60,31,25,50,19,53,69,6,25,41,69,28,50,44,31,28,19,50,25,16,19,50,47,44,41,28,28,35,22,44,53,28,50,50,60,53,47,50,22,35,60,25,6,69,38,41,47,69,50,53,44,35,69,50,19,53,53,25,56,19,53,41,53,60,13,28,53,56,56,38,66,53,53,53,22,28,56,19,31,56,41,50,0.37,0
47,50,47,44,19,60,31,25,50,19,53,69,6,25,41,69,28,50,44,31,28,19,50,25,16,19,50,47,44,41,28,28,35,22,44,53,28,50,50,60,53,47,50,22,35,60,25,6,69,38,41,47,69,50,53,44,35,69,50,19,53,53,25,56,19,53,41,53,60,13,28,53,56,56,38,66,53,53,53,22,28,56,19,31,56,41,50,0.9,1
53,47,44,41,22,53,35,31,47,19,50,60,13,35,41,63,38,53,47,31,31,22,50,19,19,19,53,50,50,41,31,35,41,28,44,47,31,50,50,60,56,50,47,22,35,60,35,19,60,38,41,47,66,47,47,53,35,50,35,22,50,47,25,50,25,50,28,50,66,25,25,50,53,50,41,53,66,50,53,19,38,69,13,28,50,41,47,0.83,1
53,47,44,41,22,53,35,31,47,19,50,60,13,35,41,63,38,53,47,31,31,22,50,19,19,19,53,50,50,41,31,35,41,28,44,47,31,50,50,60,56,50,47,22,35,60,35,19,60,38,41,47,66,47,47,53,35,50,35,22,50,47,25,50,25,50,28,50,66,25,25,50,53,50,41,53,66,50,53,19,38,69,13,28,50,41,47,0.83,1
50,25,31,22,19,56,3,28,47,25,41,60,0,31,47,56,35,56,38,25,10,0,44,28,22,22,41,41,38,35,25,25,41,0,44,50,28,44,47,53,60,56,60,47,63,60,50,25,53,38,50,56,78,44,50,56,35,50,56,35,50,28,22,60,28,47,25,53,63,41,28,47,53,56,60,63,69,60,63,25,38,66,19,31,44,44,53,0.76,1
72,75,72,72,44,60,66,66,85,53,78,31,16,63,0,31,50,69,60,72,69,22,10,38,41,38,22,69,69,69,47,66,6,0,0,88,69,69,78,72,25,25,28,25,6,50,13,19,22,50,19,16,22,75,66,50,50,47,25,19,78,78,53,31,13,50,75,50,25,19,63,75,75,47,16,28,28,19,19,19,50,31,3,50,25,19,22,0.0075,0
35,44,44,44,6,44,38,35,47,28,50,44,16,38,41,50,28,44,44,31,38,13,41,13,22,25,41,35,38,41,35,35,35,16,44,56,41,50,50,50,75,35,38,41,35,63,50,19,63,38,63,69,56,47,47,41,35,35,31,22,53,41,28,31,60,44,47,44,69,28,41,50,44,53,53,72,69,63,66,25,28,72,41,31,66,38,44,0.95,1
53,50,41,41,22,56,31,35,53,28,50,53,0,38,44,53,28,60,47,35,28,10,50,10,19,25,47,50,50,47,38,31,47,0,44,50,41,50,53,69,56,41,47,38,25,56,28,22,41,41,35,44,44,53,50,50,35,47,38,22,60,50,28,38,22,50,41,44,53,28,38,60,53,53,47,60,53,41,53,25,28,66,13,28,53,31,44,0.83,1
47,38,41,25,3,50,28,31,50,25,50,47,0,25,28,47,31,50,50,31,31,13,25,19,19,25,41,41,50,31,31,25,41,3,25,50,22,50,41,50,69,25,50,31,44,53,35,19,41,28,53,50,50,44,41,35,25,38,28,22,50,31,25,31,31,44,28,47,69,25,25,50,53,44,47,56,66,53,60,28,28,53,13,25,56,35,44,0.18,0
44,69,50,50,0,50,28,50,53,35,50,22,13,31,0,13,25,50,50,25,28,13,6,22,13,25,25,41,44,44,28,28,3,0,0,66,47,50,50,50,28,25,22,0,16,75,25,0,0,35,16,25,0,50,75,50,31,63,13,0,72,75,38,13,0,50,63,28,41,0,44,50,78,41,25,41,28,25,28,0,28,22,0,25,47,25,0,0.97,1
66,75,66,69,6,69,50,66,75,53,75,3,22,60,0,22,63,75,66,47,50,16,6,19,53,35,22,66,66,63,66,50,6,0,0,78,47,69,75,72,22,10,13,0,0,69,0,3,0,31,0,0,0,72,53,56,50,47,13,3,78,78,38,25,0,44,72,28,19,3,60,75,69,31,0,19,0,3,0,0,63,6,0,63,19,25,0,0.069,0
66,75,66,69,6,69,50,66,75,53,75,3,22,60,0,22,63,75,66,47,50,16,6,19,53,35,22,66,66,63,66,50,6,0,0,78,47,69,75,72,22,10,13,0,0,69,0,3,0,31,0,0,0,72,53,56,50,47,13,3,78,78,38,25,0,44,72,28,19,3,60,75,69,31,0,19,0,3,0,0,63,6,0,63,19,25,0,0.069,0
66,53,60,47,25,63,47,66,63,41,63,56,13,47,47,56,41,72,53,50,47,19,41,10,19,28,47,56,66,63,35,47,47,10,31,69,41,63,66,78,63,53,53,56,47,66,50,35,47,44,63,60,63,66,53,63,53,60,47,38,72,60,47,60,53,53,50,56,63,41,47,69,63,69,53,69,66,66,69,41,41,66,28,41,50,38,50,0.0036,0
56,53,56,50,16,75,47,53,72,47,69,50,16,53,31,50,47,69,75,56,53,22,31,28,31,47,53,53,69,53,72,47,31,10,28,72,47,56,56,69,47,47,41,25,16,60,25,28,35,53,28,35,35,53,47,53,31,53,35,25,75,56,35,47,22,50,53,56,50,25,50,53,53,53,31,53,50,31,50,25,41,50,16,35,50,25,28,0.57,1
56,63,60,53,31,66,50,41,60,50,66,50,13,50,38,60,47,69,63,60,56,22,44,13,44,44,53,56,69,50,63,50,38,3,31,69,41,63,63,72,47,44,47,38,10,63,28,22,41,47,38,44,41,60,60,50,44,50,38,25,72,53,38,38,35,44,53,50,50,28,50,60,60,60,41,53,47,41,44,28,41,50,16,41,44,38,41,0.83,1
56,63,60,53,31,66,50,41,60,50,66,50,13,50,38,60,47,69,63,60,56,22,44,13,44,44,53,56,69,50,63,50,38,3,31,69,41,63,63,72,47,44,47,38,10,63,28,22,41,47,38,44,41,60,60,50,44,50,38,25,72,53,38,38,35,44,53,50,50,28,50,60,60,60,41,53,47,41,44,28,41,50,16,41,44,38,41,0.83,1
56,63,60,53,31,66,50,41,60,50,66,50,13,50,38,60,47,69,63,60,56,22,44,13,44,44,53,56,69,50,63,50,38,3,31,69,41,63,63,72,47,44,47,38,10,63,28,22,41,47,38,44,41,60,60,50,44,50,38,25,72,53,38,38,35,44,53,50,50,28,50,60,60,60,41,53,47,41,44,28,41,50,16,41,44,38,41,0.77,1
56,60,53,50,16,60,47,47,69,50,69,47,6,50,25,47,44,66,60,50,53,13,28,38,25,28,50,53,72,50,66,47,47,0,25,69,47,53,56,69,38,44,35,31,19,66,25,19,25,50,25,28,31,56,50,47,28,50,41,22,75,56,28,44,19,53,53,50,53,28,50,60,66,53,22,47,47,28,31,25,47,50,3,50,50,22,25,0.17,0
69,66,53,50,19,75,56,50,66,50,69,50,22,50,47,60,47,69,69,50,53,22,53,38,47,47,66,53,69,56,72,53,44,19,47,75,44,69,69,69,47,44,47,22,19,72,25,25,31,44,25,28,44,72,53,56,47,53,50,38,75,75,47,50,10,56,53,53,50,25,50,72,69,56,25,50,47,25,31,25,50,50,0,47,50,28,28,0.003,0
69,66,53,50,19,75,56,50,66,50,69,50,22,50,47,60,47,69,69,50,53,22,53,38,47,47,66,53,69,56,72,53,44,19,47,75,44,69,69,69,47,44,47,22,19,72,25,25,31,44,25,28,44,72,53,56,47,53,50,38,75,75,47,50,10,56,53,53,50,25,50,72,69,56,25,50,47,25,31,25,50,50,0,47,50,28,28,0.003,0
69,66,53,50,19,75,56,50,66,50,69,50,22,50,47,60,47,69,69,50,53,22,53,38,47,47,66,53,69,56,72,53,44,19,47,75,44,69,69,69,47,44,47,22,19,72,25,25,31,44,25,28,44,72,53,56,47,53,50,38,75,75,47,50,10,56,53,53,50,25,50,72,69,56,25,50,47,25,31,25,50,50,0,47,50,28,28,0.003,0
69,66,53,50,19,75,56,50,66,50,69,50,22,50,47,60,47,69,69,50,53,22,53,38,47,47,66,53,69,56,72,53,44,19,47,75,44,69,69,69,47,44,47,22,19,72,25,25,31,44,25,28,44,72,53,56,47,53,50,38,75,75,47,50,10,56,53,53,50,25,50,72,69,56,25,50,47,25,31,25,50,50,0,47,50,28,28,0.003,0
69,66,53,50,19,75,56,50,66,50,69,50,22,50,47,60,47,69,69,50,53,22,53,38,47,47,66,53,69,56,72,53,44,19,47,75,44,69,69,69,47,44,47,22,19,72,25,25,31,44,25,28,44,72,53,56,47,53,50,38,75,75,47,50,10,56,53,53,50,25,50,72,69,56,25,50,47,25,31,25,50,50,0,47,50,28,28,0.003,0
72,66,72,66,0,75,53,53,75,66,75,16,13,69,0,19,50,66,72,56,56,13,3,25,47,47,31,66,72,63,75,53,0,0,0,75,47,75,72,63,19,19,19,3,0,66,0,0,3,41,6,0,6,69,63,44,35,41,22,0,75,69,41,25,3,44,63,44,13,0,63,69,66,47,0,10,0,6,0,0,50,13,0,53,28,10,0,0.075,0
72,66,72,66,0,75,53,53,75,66,75,16,13,69,0,19,50,66,72,56,56,13,3,25,47,47,31,66,72,63,75,53,0,0,0,75,47,75,72,63,19,19,19,3,0,66,0,0,3,41,6,0,6,69,63,44,35,41,22,0,75,69,41,25,3,44,63,44,13,0,63,69,66,47,0,10,0,6,0,0,50,13,0,53,28,10,0,0.0041,0
72,66,72,66,0,75,53,53,75,66,75,16,13,69,0,19,50,66,72,56,56,13,3,25,47,47,31,66,72,63,75,53,0,0,0,75,47,75,72,63,19,19,19,3,0,66,0,0,3,41,6,0,6,69,63,44,35,41,22,0,75,69,41,25,3,44,63,44,13,0,63,69,66,47,0,10,0,6,0,0,50,13,0,53,28,10,0,0.016,0
72,66,72,66,0,75,53,53,75,66,75,16,13,69,0,19,50,66,72,56,56,13,3,25,47,47,31,66,72,63,75,53,0,0,0,75,47,75,72,63,19,19,19,3,0,66,0,0,3,41,6,0,6,69,63,44,35,41,22,0,75,69,41,25,3,44,63,44,13,0,63,69,66,47,0,10,0,6,0,0,50,13,0,53,28,10,0,0.075,0
72,66,72,66,0,75,53,53,75,66,75,16,13,69,0,19,50,66,72,56,56,13,3,25,47,47,31,66,72,63,75,53,0,0,0,75,47,75,72,63,19,19,19,3,0,66,0,0,3,41,6,0,6,69,63,44,35,41,22,0,75,69,41,25,3,44,63,44,13,0,63,69,66,47,0,10,0,6,0,0,50,13,0,53,28,10,0,0.075,0
72,66,72,66,0,75,53,53,75,66,75,16,13,69,0,19,50,66,72,56,56,13,3,25,47,47,31,66,72,63,75,53,0,0,0,75,47,75,72,63,19,19,19,3,0,66,0,0,3,41,6,0,6,69,63,44,35,41,22,0,75,69,41,25,3,44,63,44,13,0,63,69,66,47,0,10,0,6,0,0,50,13,0,53,28,10,0,0.016,0
72,66,72,66,0,75,53,53,75,66,75,16,13,69,0,19,50,66,72,56,56,13,3,25,47,47,31,66,72,63,75,53,0,0,0,75,47,75,72,63,19,19,19,3,0,66,0,0,3,41,6,0,6,69,63,44,35,41,22,0,75,69,41,25,3,44,63,44,13,0,63,69,66,47,0,10,0,6,0,0,50,13,0,53,28,10,0,0.075,0
72,66,72,66,0,75,53,53,75,66,75,16,13,69,0,19,50,66,72,56,56,13,3,25,47,47,31,66,72,63,75,53,0,0,0,75,47,75,72,63,19,19,19,3,0,66,0,0,3,41,6,0,6,69,63,44,35,41,22,0,75,69,41,25,3,44,63,44,13,0,63,69,66,47,0,10,0,6,0,0,50,13,0,53,28,10,0,0.075,0
53,50,63,50,0,63,50,69,72,56,69,13,19,56,0,22,44,63,53,56,50,22,10,38,38,41,28,50,63,50,56,50,0,0,0,72,50,69,72,56,38,38,13,6,13,53,25,0,10,44,28,25,10,50,50,47,41,41,35,3,72,50,44,28,13,50,50,35,35,0,50,53,53,47,25,31,35,25,25,0,47,22,0,41,38,25,13,0.28,0
50,53,69,50,10,72,25,69,72,47,78,25,10,50,0,35,25,53,53,47,44,19,25,16,22,22,28,47,66,53,38,25,0,0,0,75,47,72,75,69,50,38,25,6,25,69,50,6,16,47,28,53,28,53,50,50,44,53,47,3,72,50,28,56,16,53,47,28,47,3,44,66,56,53,47,47,44,44,47,13,28,25,0,25,44,13,31,0.029,0
44,53,41,44,22,53,25,25,50,22,41,53,6,25,16,63,25,50,41,25,28,10,22,16,16,22,44,47,47,41,25,28,13,0,10,47,25,47,47,66,41,41,28,10,22,56,25,10,44,31,25,38,50,47,44,35,25,44,44,13,60,60,25,41,16,53,44,31,50,10,25,47,53,35,25,50,44,31,44,10,31,53,3,25,50,25,16,0.61,1
53,66,66,50,16,69,44,72,69,53,69,28,13,53,19,38,47,66,63,56,50,10,22,38,50,50,41,56,66,60,69,44,19,0,16,75,44,56,66,72,38,35,22,0,16,50,22,0,19,47,28,28,22,56,50,38,44,41,31,0,75,69,41,44,16,50,60,35,50,0,44,66,56,47,25,50,28,25,28,0,50,35,0,47,50,25,16,0.083,0
41,31,31,25,6,50,25,25,47,25,41,41,0,25,25,50,25,47,47,28,25,10,28,16,19,19,35,41,31,35,25,22,25,0,25,47,25,44,41,53,69,38,41,25,19,56,25,13,47,28,47,47,53,41,47,38,25,44,28,19,50,28,25,50,28,50,25,50,66,25,25,47,50,47,38,63,56,47,63,25,25,50,19,25,60,25,28,0.67,1
44,53,50,44,0,47,25,50,50,41,50,25,6,41,16,35,47,47,35,35,25,0,28,3,28,25,31,47,50,25,31,25,16,0,25,60,25,56,53,56,38,31,25,3,16,60,25,0,25,44,25,28,25,50,47,41,28,50,38,16,63,53,31,44,3,47,47,28,47,0,31,50,56,47,25,50,25,25,25,0,53,28,3,53,50,28,19,0.83,1
47,50,50,50,0,50,25,50,56,47,63,25,6,47,0,28,56,50,50,47,35,0,10,3,22,13,25,31,47,35,31,25,0,0,0,72,28,56,69,66,47,25,10,3,6,72,16,0,6,35,25,31,3,50,47,38,25,47,16,0,72,53,41,35,10,53,50,25,28,0,28,56,56,28,25,28,25,28,25,0,66,25,0,66,31,13,3,0.28,0
60,56,53,53,6,78,38,41,56,35,66,25,10,38,0,35,28,69,47,50,38,16,19,13,16,16,31,50,47,53,41,35,0,0,6,66,28,56,56,81,25,35,25,10,10,69,16,6,0,53,16,19,16,69,47,66,53,60,25,0,72,53,28,31,19,75,69,31,25,16,31,63,53,75,13,25,16,19,22,0,28,28,0,28,28,19,19,0.31,0
60,56,53,53,6,78,38,41,56,35,66,25,10,38,0,35,28,69,47,50,38,16,19,13,16,16,31,50,47,53,41,35,0,0,6,66,28,56,56,81,25,35,25,10,10,69,16,6,0,53,16,19,16,69,47,66,53,60,25,0,72,53,28,31,19,75,69,31,25,16,31,63,53,75,13,25,16,19,22,0,28,28,0,28,28,19,19,0.84,1
50,53,44,50,22,53,41,31,53,31,50,72,10,31,53,75,31,66,50,38,31,22,53,0,16,25,50,50,50,47,31,25,28,0,50,53,38,47,50,69,47,47,41,25,19,66,28,25,50,50,25,35,56,53,50,53,47,60,47,25,53,53,31,50,19,53,50,44,72,25,44,53,56,53,25,72,66,25,31,25,31,63,0,28,72,25,44,0.71,1
47,47,44,41,10,50,25,44,53,31,53,31,0,38,28,44,44,50,38,25,31,25,25,38,28,31,60,44,41,38,28,22,41,0,22,50,38,50,50,56,6,60,38,0,6,78,0,3,25,31,3,3,25,47,53,53,35,44,25,0,50,47,22,28,6,50,38,50,53,0,38,53,50,38,0,63,35,0,16,0,47,53,0,44,66,28,25,0.95,1
66,75,69,63,13,75,53,56,75,63,75,22,13,66,0,31,41,72,66,50,50,13,19,38,50,53,35,66,72,66,69,53,0,0,0,75,53,66,72,72,28,22,22,13,0,63,10,3,0,44,3,6,16,63,60,41,35,35,19,6,75,75,31,28,10,47,75,44,13,6,56,72,63,41,13,16,13,16,13,0,47,3,0,47,13,19,0,0.0073,0
66,75,69,63,13,75,53,56,75,63,75,22,13,66,0,31,41,72,66,50,50,13,19,38,50,53,35,66,72,66,69,53,0,0,0,75,53,66,72,72,28,22,22,13,0,63,10,3,0,44,3,6,16,63,60,41,35,35,19,6,75,75,31,28,10,47,75,44,13,6,56,72,63,41,13,16,13,16,13,0,47,3,0,47,13,19,0,0.16,0
66,75,69,63,13,75,53,56,75,63,75,22,13,66,0,31,41,72,66,50,50,13,19,38,50,53,35,66,72,66,69,53,0,0,0,75,53,66,72,72,28,22,22,13,0,63,10,3,0,44,3,6,16,63,60,41,35,35,19,6,75,75,31,28,10,47,75,44,13,6,56,72,63,41,13,16,13,16,13,0,47,3,0,47,13,19,0,0.16,0
72,78,50,72,75,53,56,41,72,41,75,25,25,47,0,25,60,75,47,50,53,16,13,41,19,16,25,72,53,56,41,56,19,0,0,75,53,66,69,75,31,41,22,25,10,66,19,16,22,31,19,16,22,78,75,56,47,50,19,16,75,78,35,25,3,50,75,50,19,19,60,75,72,56,22,25,25,19,19,19,56,25,0,69,19,25,22,0.014,0
47,50,47,31,13,44,25,38,47,28,50,47,0,31,22,47,25,50,50,28,28,19,25,19,22,22,31,47,50,31,28,25,28,31,22,47,31,50,50,56,60,44,47,25,19,69,50,25,28,31,38,50,31,50,50,31,25,31,28,22,50,50,25,28,19,50,31,50,56,25,35,50,53,50,44,72,60,41,53,25,31,53,6,31,50,25,25,0.73,1
44,50,38,41,19,56,35,25,50,28,44,60,10,35,38,60,41,50,44,28,41,19,38,22,22,28,60,44,38,47,35,31,35,0,38,44,44,44,44,50,50,66,47,16,25,72,25,16,63,47,41,35,69,47,50,47,28,60,41,13,50,47,35,41,22,63,41,66,66,16,47,47,50,47,25,72,60,38,44,28,38,69,0,41,63,44,44,0.9,1
44,50,38,41,19,56,35,25,50,28,44,60,10,35,38,60,41,50,44,28,41,19,38,22,22,28,60,44,38,47,35,31,35,0,38,44,44,44,44,50,50,66,47,16,25,72,25,16,63,47,41,35,69,47,50,47,28,60,41,13,50,47,35,41,22,63,41,66,66,16,47,47,50,47,25,72,60,38,44,28,38,69,0,41,63,44,44,0.41,0
31,31,28,31,6,47,22,22,44,19,44,13,0,22,0,16,16,38,31,16,16,0,13,0,3,3,22,28,38,28,10,16,0,0,0,47,10,47,44,41,47,38,16,0,10,56,22,0,25,16,31,31,25,35,53,35,16,28,13,0,50,28,16,25,10,31,22,16,56,0,6,35,31,31,25,44,38,31,41,0,19,28,10,16,50,19,6,0.41,0
53,53,53,56,3,50,47,50,69,50,60,3,28,50,0,25,25,56,53,44,44,31,0,44,22,25,22,53,53,56,31,41,3,0,0,63,75,56,56,53,22,56,19,0,0,72,0,0,0,41,6,0,0,53,50,44,31,44,22,0,66,69,25,19,0,50,63,53,28,0,72,56,53,44,0,38,0,0,0,0,25,31,0,25,35,10,0,0.082,0
44,44,41,35,3,44,31,31,47,28,47,53,6,31,53,56,28,47,44,31,28,22,47,16,19,22,60,44,41,35,28,28,41,0,50,50,44,53,53,53,50,50,41,25,19,69,28,25,50,38,31,47,47,41,50,50,28,50,44,25,53,44,25,47,25,53,38,50,66,25,44,47,53,44,25,75,56,25,47,25,25,69,0,25,69,44,44,0.88,1
56,69,72,78,38,56,53,56,78,50,78,13,10,53,0,22,28,69,60,60,75,19,0,50,31,28,10,53,66,72,50,50,0,0,0,81,56,69,75,69,22,28,19,3,0,66,6,0,6,41,10,13,6,72,50,38,28,28,22,0,75,75,28,25,6,50,75,28,25,0,60,66,53,47,6,25,25,16,25,0,31,25,0,28,31,10,3,0.045,0
56,50,53,47,16,50,31,66,72,44,69,10,10,47,10,25,35,60,50,47,47,19,13,38,13,22,16,50,47,56,38,31,19,0,0,69,69,66,56,53,47,53,25,0,0,75,16,0,0,47,31,44,0,50,50,47,38,41,25,0,69,50,25,31,10,50,47,63,72,0,56,50,50,35,22,72,47,28,25,0,28,47,3,35,72,25,0,0.01,0
47,50,44,44,0,53,28,38,47,25,50,69,0,22,47,69,25,50,50,22,25,10,50,19,19,22,41,41,44,38,22,25,28,19,47,50,22,50,50,66,47,41,63,72,38,63,31,50,72,50,35,44,69,47,50,50,35,47,50,41,53,50,25,50,19,56,38,50,50,50,25,53,50,78,35,50,72,38,50,50,25,72,19,25,47,41,72,0.029,0
50,44,44,35,10,69,28,35,50,25,47,63,0,28,63,66,38,53,41,35,41,19,60,0,19,25,53,47,53,47,38,22,53,6,60,50,35,50,47,66,63,44,60,50,41,66,50,22,60,44,50,53,69,50,47,50,38,53,53,31,56,44,38,53,22,56,31,53,75,35,38,53,56,66,50,72,69,53,66,44,28,69,13,31,60,35,53,0.37,0
31,41,41,22,6,47,25,28,47,22,44,41,6,22,28,44,25,44,31,25,25,6,28,16,16,19,41,31,41,25,22,22,25,0,28,50,22,47,41,53,56,38,47,22,25,63,25,19,31,31,41,50,44,44,47,31,28,50,38,19,50,47,25,44,22,47,25,44,56,25,22,47,53,47,31,53,53,50,56,19,25,56,10,25,53,28,28,0.66,1
47,44,47,28,0,53,25,35,50,35,50,66,3,38,38,63,28,47,44,35,25,16,47,3,16,16,47,50,53,35,28,25,22,10,35,53,28,50,50,60,53,41,50,44,44,56,28,22,50,50,47,53,53,50,50,53,31,50,47,28,60,41,25,56,16,53,38,53,56,25,28,50,53,53,44,60,72,53,60,31,28,72,0,28,53,28,53,0.87,1
47,41,41,28,3,53,28,35,53,22,50,53,10,22,53,53,25,53,44,28,38,16,53,16,6,13,50,41,50,41,22,28,44,35,53,50,25,50,47,50,53,47,41,28,35,63,47,16,22,41,47,53,47,47,47,50,25,47,38,25,53,38,28,47,25,50,28,50,66,22,25,53,53,47,44,63,60,50,53,25,25,63,19,25,56,28,28,0.79,1
53,94,60,75,41,50,31,35,75,31,72,0,6,44,0,13,19,78,47,56,50,10,0,25,13,16,10,53,50,69,47,31,0,0,0,75,50,66,69,60,25,25,16,0,3,69,0,0,0,28,13,10,0,72,56,35,25,28,10,0,75,94,31,28,0,50,81,25,22,0,53,63,60,35,10,13,10,13,0,6,16,19,0,25,13,13,0,0.039,0
69,75,60,72,50,60,56,47,72,47,75,13,31,47,0,28,56,75,50,53,56,56,28,56,25,25,44,75,50,63,44,63,19,0,0,75,60,66,66,69,13,31,22,19,0,60,0,3,0,28,0,0,0,75,63,53,50,47,19,0,75,75,41,28,0,50,75,53,6,3,63,75,69,50,0,10,0,0,0,0,53,0,0,56,19,10,0,0.029,0
50,50,69,47,0,50,31,66,60,47,69,3,19,47,0,28,41,47,50,47,41,22,10,0,16,10,25,50,53,44,50,31,0,0,0,72,47,60,60,56,28,28,10,19,0,56,13,0,0,31,13,10,0,47,50,31,28,28,25,0,72,50,28,31,13,47,50,25,28,0,47,50,50,44,10,28,13,10,16,0,44,25,0,44,38,6,0,0.94,1
38,47,56,35,0,44,28,56,66,47,60,3,6,44,0,13,28,47,41,38,31,3,6,0,6,6,16,31,50,41,31,22,0,0,0,72,22,60,60,50,44,22,16,6,16,56,19,3,0,44,22,19,0,47,44,31,28,22,19,0,72,47,25,31,6,44,38,25,31,3,22,47,47,41,22,25,22,28,25,0,28,19,0,28,38,0,3,0.97,1
78,85,72,81,69,72,72,60,85,56,78,0,44,69,0,25,63,78,66,66,66,22,0,63,28,28,25,75,69,72,60,75,0,0,0,85,72,75,75,75,10,28,13,0,0,69,0,0,0,31,0,0,0,78,69,47,44,44,22,0,81,85,41,19,0,53,81,41,0,0,72,78,75,50,0,0,0,0,0,0,53,0,0,72,13,0,0,0.0043,0
69,75,72,78,13,75,56,66,75,53,78,0,16,56,0,16,44,72,66,78,81,19,13,25,31,38,22,72,72,72,53,56,3,0,0,81,69,75,78,75,19,28,16,0,6,72,0,0,0,47,0,0,0,69,69,50,47,41,19,0,78,85,53,31,0,50,81,50,6,0,66,72,69,53,3,3,0,10,0,0,50,0,0,50,22,13,0,0.0042,0
41,41,44,28,0,47,25,35,50,38,50,50,0,41,25,47,31,50,44,31,28,19,35,22,25,25,41,44,47,41,28,25,31,6,28,50,35,47,50,47,60,28,50,38,35,50,60,25,31,28,47,72,44,41,47,44,31,47,38,25,47,44,31,41,19,50,31,53,63,25,38,41,47,47,47,56,63,50,50,25,31,56,13,28,50,10,41,0.64,1
53,72,53,69,3,66,28,53,75,35,78,0,3,47,0,25,25,66,50,50,50,22,6,16,6,6,25,50,50,53,44,28,0,0,0,81,50,72,72,66,25,25,13,0,3,66,10,0,0,50,10,10,0,50,50,47,50,47,47,0,78,75,47,50,10,53,75,44,13,0,50,53,69,47,22,19,22,22,10,0,25,0,0,25,31,6,3,0.38,0
56,75,69,66,10,53,47,69,75,60,75,13,19,63,0,22,50,75,53,50,47,22,22,60,44,44,28,63,63,53,47,38,3,0,0,75,78,66,72,69,22,66,25,19,0,75,0,0,0,44,3,0,0,60,60,50,35,47,19,0,75,75,35,22,0,56,69,75,3,0,75,69,53,53,0,0,16,0,3,0,47,13,0,50,16,3,0,0.0055,0
35,38,41,35,0,44,25,38,50,25,50,25,6,28,25,31,10,44,44,28,28,6,28,3,10,13,25,31,44,41,28,22,25,0,25,50,28,44,47,50,56,28,25,6,19,56,31,0,25,28,28,50,25,38,41,28,25,28,25,0,50,31,22,25,13,47,31,31,50,0,28,44,47,44,44,50,47,44,50,13,13,41,6,13,44,22,19,0.66,1
63,72,78,56,10,75,47,66,75,53,75,0,6,56,0,22,31,56,69,78,75,16,13,16,3,19,22,60,72,56,50,50,0,0,0,78,60,66,72,72,35,35,13,0,0,56,28,0,0,50,25,31,0,60,53,47,44,41,28,3,72,75,44,31,13,56,72,35,16,0,69,60,56,44,31,31,28,22,31,0,47,16,0,38,31,13,0,0.0074,0
69,75,69,69,38,50,60,56,75,50,72,25,13,53,0,25,50,72,69,50,47,22,25,66,41,44,31,72,72,69,50,53,0,0,0,75,72,69,69,72,10,41,28,6,0,69,0,0,0,47,3,0,0,72,72,50,28,44,25,0,75,75,31,25,0,56,69,75,25,0,69,72,69,50,0,25,13,0,0,0,47,25,0,47,35,3,0,0.045,0
50,50,44,38,6,50,28,25,47,22,47,47,3,28,25,50,53,50,44,35,28,16,28,31,13,13,50,50,47,44,22,28,44,16,25,50,38,44,47,63,50,44,41,25,19,72,25,16,25,38,31,44,38,50,50,53,31,53,25,19,50,53,25,50,16,53,47,69,63,19,44,56,60,50,25,69,50,28,41,22,50,50,10,53,56,28,25,0.36,0
38,44,35,35,0,41,22,31,44,25,44,47,0,25,31,44,25,47,38,28,25,6,31,10,10,22,25,35,47,28,25,22,25,10,28,47,22,50,44,50,63,41,44,25,28,53,22,19,41,31,50,50,41,44,44,31,25,35,31,22,53,50,25,31,16,41,44,41,53,22,25,50,47,50,38,47,63,53,69,19,25,56,19,25,44,25,38,0.066,0
38,44,35,35,0,41,22,31,44,25,44,47,0,25,31,44,25,47,38,28,25,6,31,10,10,22,25,35,47,28,25,22,25,10,28,47,22,50,44,50,63,41,44,25,28,53,22,19,41,31,50,50,41,44,44,31,25,35,31,22,53,50,25,31,16,41,44,41,53,22,25,50,47,50,38,47,63,53,69,19,25,56,19,25,44,25,38,0.85,1
44,44,47,28,0,50,25,35,50,31,47,44,0,31,19,47,16,44,47,35,31,0,28,16,16,16,31,35,38,41,31,25,19,0,19,50,25,50,47,47,47,44,25,0,16,50,28,0,31,31,31,35,31,44,44,35,25,35,25,0,50,44,19,31,19,44,25,35,50,0,28,44,47,31,31,56,47,31,31,0,16,50,6,16,47,13,19,0.71,1
44,72,50,72,0,50,25,44,69,35,69,0,10,44,0,25,25,53,56,25,31,0,0,3,6,3,28,47,50,44,25,25,0,0,0,69,41,69,63,53,19,22,0,0,0,72,0,0,0,31,6,0,0,47,50,31,25,35,22,0,75,75,22,22,0,47,72,28,19,0,41,53,60,41,0,22,0,0,0,0,25,19,0,35,28,28,0,0.98,1
78,85,69,75,16,66,63,53,91,75,91,10,13,75,0,16,28,81,72,53,50,22,0,41,31,25,3,78,60,72,47,50,0,0,0,97,66,63,81,72,13,25,22,0,0,72,0,0,0,44,6,0,0,75,69,44,44,41,22,0,88,88,47,28,0,63,78,38,10,0,69,75,72,47,0,10,6,0,0,0,35,19,0,41,31,10,0,0.035,0
44,56,47,50,0,47,25,60,56,25,50,0,13,28,6,19,28,50,47,44,38,10,6,3,22,25,25,47,50,31,31,25,0,0,6,66,28,53,53,53,41,25,10,22,0,56,25,3,0,47,25,28,0,47,50,44,28,50,25,0,60,66,38,28,3,50,50,35,25,3,28,47,60,41,25,31,25,25,28,0,25,25,0,25,38,16,0,0.95,1
66,69,75,56,41,72,50,78,72,47,72,41,6,47,0,41,47,69,66,53,53,19,19,19,16,22,25,56,75,60,47,47,3,0,0,75,41,69,72,75,53,44,28,3,22,69,35,0,22,50,28,47,31,69,53,50,47,47,38,0,75,75,50,44,25,50,60,41,50,3,47,69,56,47,41,50,47,47,53,0,47,47,0,44,50,28,35,0.058,0
69,72,75,72,0,69,53,78,78,72,75,28,16,69,10,35,41,69,69,69,60,22,22,19,47,50,41,69,72,69,75,60,10,0,10,78,60,75,75,75,28,35,35,28,0,53,25,13,25,47,25,25,25,66,56,50,47,47,31,16,75,75,41,28,13,50,75,38,25,16,66,66,69,47,25,41,28,25,22,16,44,25,0,60,38,25,25,0.0039,0
60,60,44,50,10,66,31,35,69,25,66,78,0,25,28,75,38,66,53,35,47,6,44,19,16,19,47,53,50,53,38,28,13,0,22,69,25,60,56,72,44,50,72,53,35,72,28,44,66,56,28,31,72,63,44,66,47,69,60,41,69,56,31,66,13,75,50,50,60,47,28,56,66,85,25,53,69,28,38,50,38,75,0,38,50,44,75,0.029,0
66,72,66,60,19,72,63,56,72,56,72,3,22,56,0,25,50,75,60,53,50,19,0,53,41,47,31,69,72,63,56,56,0,0,0,75,63,72,72,75,19,25,10,3,0,66,0,0,0,44,10,0,0,75,53,50,47,44,19,0,75,75,44,25,3,47,66,53,0,0,60,75,75,47,0,0,0,0,0,0,53,0,0,50,25,10,0,0.012,0
60,72,72,69,25,69,50,72,75,50,75,25,10,53,0,31,28,63,50,72,75,25,16,10,3,16,22,63,50,69,44,50,3,0,0,78,56,66,69,75,28,41,25,28,19,53,28,19,16,41,25,22,16,60,60,47,41,47,28,13,75,75,41,31,6,50,72,44,10,13,60,66,60,53,31,38,38,22,25,22,25,25,0,38,25,6,16,0.0035,0
28,41,47,28,0,44,25,53,44,28,44,16,0,28,0,25,22,44,50,28,28,0,22,3,16,22,25,28,50,28,28,25,6,0,0,50,25,47,47,47,53,41,25,0,22,50,31,0,13,25,47,50,10,41,28,25,25,25,25,0,50,38,25,25,6,47,25,25,44,0,25,41,47,44,44,35,38,50,47,0,25,25,16,25,38,22,13,0.69,1
69,72,72,56,19,69,56,53,72,66,72,0,22,69,0,19,44,72,63,50,53,19,0,60,47,41,22,66,63,72,60,63,0,0,0,75,66,66,69,66,19,47,19,0,0,63,0,0,0,44,6,0,0,69,56,50,44,44,22,0,75,75,41,22,0,47,72,50,0,0,69,72,56,47,0,3,0,0,0,0,53,0,0,53,19,16,0,0.013,0
66,75,53,75,31,56,53,47,72,41,72,0,28,53,0,22,56,75,50,44,50,16,0,47,19,19,16,72,50,63,44,53,0,0,0,75,60,56,69,66,16,25,19,0,0,66,0,0,0,35,0,0,0,78,69,50,38,44,22,0,75,75,44,22,0,47,75,35,3,0,75,75,72,44,0,3,0,0,0,0,53,0,0,60,22,6,0,0.61,1
56,75,50,69,75,53,53,53,75,50,69,31,22,50,13,50,69,72,50,53,50,41,31,53,28,41,53,75,50,56,50,50,25,0,13,75,60,56,56,72,10,50,28,3,0,69,0,0,25,31,0,13,25,75,75,56,41,56,28,0,75,75,28,28,0,53,72,56,35,0,63,75,69,47,0,35,19,0,0,0,53,35,0,69,44,25,13,0.021,0
75,75,75,75,38,75,66,69,75,72,78,0,25,72,0,25,44,78,75,72,56,25,16,66,56,56,28,75,72,72,75,69,0,0,0,75,53,72,75,75,25,25,25,0,0,69,0,0,0,38,19,0,0,75,63,47,35,44,25,0,81,78,44,31,0,47,75,28,13,0,56,75,66,47,0,13,0,0,0,0,47,6,0,47,13,19,0,0.0073,0
50,69,75,60,41,63,35,63,72,38,72,28,13,44,13,38,41,66,50,53,53,13,19,16,25,28,28,50,63,56,35,35,16,0,13,75,44,72,69,72,41,47,22,13,13,72,19,6,16,47,22,22,22,56,53,53,38,50,28,6,75,75,47,31,6,44,69,35,31,10,44,63,56,47,22,50,28,25,28,6,47,31,0,44,50,25,25,0.3,0
50,75,44,72,13,53,22,28,78,22,50,3,10,22,0,13,19,50,50,28,28,3,0,16,0,3,16,41,38,47,19,22,0,0,0,69,22,75,50,50,13,19,0,0,0,72,3,0,0,28,6,0,0,50,53,47,31,50,22,0,81,78,28,31,0,53,72,19,41,0,22,50,56,31,3,31,3,6,0,0,25,28,0,22,50,25,0,0.81,1
66,75,72,63,6,63,56,72,75,60,75,25,10,63,16,25,38,72,69,50,35,19,19,44,50,47,31,66,72,60,56,53,19,0,19,75,66,75,69,72,31,35,22,16,3,66,22,3,13,50,22,22,16,66,53,47,38,41,22,3,75,75,35,35,6,53,75,50,31,3,69,72,63,53,22,35,19,25,22,22,47,25,0,50,35,16,3,0.037,0
44,50,47,44,25,66,35,28,50,28,50,69,0,31,47,72,38,50,47,41,31,6,47,19,19,25,50,50,44,47,41,41,44,0,44,50,28,47,47,69,50,50,53,35,35,69,25,25,53,47,44,53,66,50,47,50,28,53,53,28,47,47,38,50,22,60,44,47,69,25,25,53,56,47,41,66,56,44,53,50,38,72,10,38,50,38,50,0.88,1
28,38,47,25,0,22,19,22,44,25,44,0,0,25,0,0,6,41,38,6,3,13,0,10,0,0,3,22,41,22,13,3,0,0,0,44,38,44,44,31,44,31,10,16,6,35,44,0,3,28,25,41,6,31,35,16,6,10,6,0,47,31,19,10,6,41,35,28,13,6,31,25,28,31,44,22,41,31,22,13,16,0,13,16,10,0,13,0.98,1
47,50,47,28,0,47,28,38,50,25,50,50,10,28,44,53,13,47,47,25,25,3,47,22,0,13,44,47,47,28,22,28,28,6,47,53,25,50,50,53,25,50,22,13,13,72,10,22,41,44,22,25,50,44,47,44,25,50,44,19,53,50,22,44,6,50,41,41,50,16,25,44,50,75,25,50,41,22,25,19,19,53,0,10,50,16,19,0.87,1
63,63,53,60,6,56,47,44,72,50,66,10,22,56,0,6,28,63,53,47,44,16,6,31,31,28,16,53,60,60,53,50,10,0,0,66,69,63,63,60,38,22,3,13,13,63,19,3,22,41,31,25,13,53,63,53,50,44,81,44,66,69,50,66,19,53,63,35,31,3,69,63,69,44,22,35,38,25,19,3,31,28,16,28,28,25,22,0.015,0
56,47,50,38,13,60,44,50,53,41,60,72,0,35,60,69,31,53,50,47,35,22,50,16,22,25,47,50,50,44,44,41,41,0,47,63,41,53,63,66,50,50,56,72,31,56,41,44,53,56,35,38,56,50,47,53,38,66,50,41,53,44,41,63,16,60,41,50,66,50,41,60,50,69,28,66,63,28,50,53,25,75,0,25,53,31,56,0.62,1
53,72,50,56,50,60,53,41,66,38,53,53,13,38,41,56,53,63,50,50,53,19,50,19,13,22,72,53,50,56,44,53,41,0,25,66,38,56,56,78,41,50,47,28,16,75,28,16,35,44,25,31,44,69,53,56,50,53,35,22,69,75,41,47,19,53,63,53,50,19,44,75,69,66,25,50,47,25,28,25,47,53,0,50,47,25,25,0.24,0
53,72,50,56,50,60,53,41,66,38,53,53,13,38,41,56,53,63,50,50,53,19,50,19,13,22,72,53,50,56,44,53,41,0,25,66,38,56,56,78,41,50,47,28,16,75,28,16,35,44,25,31,44,69,53,56,50,53,35,22,69,75,41,47,19,53,63,53,50,19,44,75,69,66,25,50,47,25,28,25,47,53,0,50,47,25,25,0.24,0
50,69,56,56,19,50,28,63,72,44,75,35,13,56,13,38,47,63,50,47,41,22,25,28,22,25,41,50,56,50,44,38,28,0,22,75,47,69,69,66,31,50,38,0,0,72,0,0,22,50,19,16,22,50,53,44,44,50,22,0,75,69,31,28,10,50,66,47,50,0,47,66,60,47,0,53,41,0,22,0,47,50,0,47,60,31,22,0.71,1
60,78,72,75,69,56,50,56,78,50,75,31,22,56,0,28,50,78,56,56,53,22,25,28,28,28,38,60,60,53,53,50,0,0,0,78,47,69,69,78,25,53,35,0,0,75,0,0,25,50,3,6,25,75,69,72,44,53,25,0,75,75,35,25,3,56,72,50,50,0,53,75,72,56,0,53,31,0,22,0,47,53,0,50,66,25,19,0.14,0
53,63,50,53,0,53,31,63,75,47,72,16,10,50,0,16,50,53,47,35,35,6,13,13,16,19,31,47,50,50,28,28,0,0,0,75,31,75,72,63,25,38,13,0,0,75,3,0,3,44,16,10,10,53,53,50,47,53,19,0,75,69,31,35,0,50,60,28,19,0,38,53,56,41,0,22,6,3,0,0,47,16,0,41,22,25,3,0.98,1
44,47,47,41,0,53,28,35,50,31,44,50,3,31,47,56,28,47,47,41,28,10,44,0,6,6,47,44,50,35,31,28,25,0,35,53,28,50,50,53,50,38,31,25,31,53,28,25,50,47,28,41,50,47,47,50,28,53,47,25,53,47,25,47,16,50,41,50,53,25,31,47,50,47,25,56,50,38,44,22,28,53,3,28,50,38,38,0.98,1
31,41,28,25,0,50,22,28,44,16,41,25,10,16,10,28,25,44,31,22,25,3,19,3,6,13,31,25,41,28,19,22,16,0,6,47,16,50,41,53,53,28,38,22,25,56,22,13,28,22,38,44,25,38,35,28,25,35,22,13,50,28,25,28,10,44,25,31,50,19,22,41,44,28,25,44,50,38,50,13,25,35,13,25,44,28,22,0.38,0
47,47,50,28,13,47,28,38,50,28,38,28,0,28,10,31,28,50,50,25,28,13,28,16,22,25,31,31,47,35,31,28,22,0,16,50,31,47,50,47,60,56,35,25,25,56,56,22,25,31,41,56,28,47,35,35,25,25,28,25,53,50,13,25,3,47,31,44,53,22,28,50,47,50,50,63,50,50,50,22,25,50,6,28,47,25,25,0.75,1
50,66,60,50,0,53,31,66,75,47,75,25,10,69,22,31,44,56,50,47,35,13,25,6,13,28,28,47,47,47,28,28,28,0,22,75,44,69,66,56,44,44,19,22,3,72,22,13,19,44,22,31,19,56,53,50,47,50,28,16,75,69,41,41,16,50,60,44,47,16,44,50,63,47,25,47,44,25,41,19,47,28,0,44,50,19,22,0.92,1
41,50,69,38,0,56,22,72,69,47,69,35,10,50,0,38,28,47,38,38,16,10,25,10,10,10,31,41,50,41,28,25,0,0,0,69,31,66,66,63,41,41,35,13,16,47,31,13,10,44,25,28,19,50,47,44,28,38,38,10,69,50,28,41,28,50,41,31,35,13,25,60,44,44,35,35,38,35,35,13,31,35,0,31,28,10,25,0.029,0
47,72,47,53,0,50,28,50,69,25,53,0,22,25,0,22,56,53,47,31,31,10,0,6,6,0,16,50,44,44,25,25,0,0,0,66,28,50,50,56,25,25,0,0,0,69,0,0,0,25,10,0,0,53,47,44,25,47,25,0,72,72,28,25,0,50,69,25,25,0,28,53,60,28,0,22,0,0,0,0,60,13,0,63,25,19,0,0.97,1
72,75,66,75,22,53,56,69,75,50,75,0,19,66,0,25,60,72,50,50,47,19,0,38,50,25,19,69,53,60,31,56,0,0,0,75,50,72,75,66,10,25,16,0,0,72,0,0,0,41,0,0,0,72,56,47,41,47,22,0,75,75,41,22,0,50,75,22,0,0,56,72,56,44,0,0,0,0,0,0,69,0,0,69,19,3,0,0.23,0
69,75,66,72,60,72,50,66,75,47,75,13,13,47,0,31,56,72,66,60,53,16,19,41,35,44,41,66,60,66,60,50,6,0,0,81,41,69,69,75,31,50,22,0,6,75,6,0,6,50,10,28,6,72,72,47,47,53,16,0,78,78,50,31,3,53,72,31,50,0,53,72,69,50,22,47,28,22,25,0,56,28,3,56,53,19,3,0.012,0
53,53,53,47,19,53,38,56,69,44,69,31,16,47,22,41,25,53,50,47,47,22,28,44,16,22,38,53,50,53,44,35,31,10,13,72,72,50,56,60,31,66,44,22,6,75,22,16,35,44,19,25,38,50,53,50,35,44,19,3,66,56,25,19,6,50,50,72,50,16,56,53,50,72,22,50,44,19,25,25,25,47,0,25,47,28,25,0.021,0
50,56,47,44,16,53,44,56,60,47,56,53,35,47,44,63,25,53,50,44,38,25,47,13,25,28,60,53,44,47,31,38,44,10,35,63,44,50,53,53,38,66,28,3,3,69,22,6,35,47,28,41,38,53,50,56,38,53,28,0,66,60,35,38,28,56,50,53,53,0,38,56,56,44,22,56,35,35,31,0,38,56,3,35,50,25,19,0.99,1
53,56,69,56,35,69,44,56,75,31,69,28,19,50,19,44,31,56,50,53,47,22,28,22,22,22,41,53,53,56,41,44,28,0,16,78,44,72,72,69,50,28,25,0,19,69,28,0,25,47,31,47,25,56,50,44,38,50,28,0,75,69,28,35,16,56,56,50,50,0,50,56,53,50,35,53,50,38,53,0,25,35,0,25,50,28,19,0.018,0
53,69,53,50,22,53,35,53,75,25,69,28,13,38,0,31,50,56,50,31,47,19,19,19,19,28,28,53,50,53,38,28,0,0,0,75,28,72,60,69,47,44,19,0,22,75,25,0,3,50,25,28,13,50,66,47,31,53,19,0,75,75,35,41,3,50,53,28,50,0,38,53,69,47,25,50,25,28,25,0,53,28,0,47,53,25,13,0.92,1
44,47,47,25,10,47,25,28,53,31,47,56,0,31,44,53,28,50,44,31,28,16,47,10,19,22,50,38,50,35,31,25,44,38,47,56,31,50,50,53,53,31,53,31,22,60,38,25,50,31,35,56,53,47,50,38,31,44,31,25,66,50,25,35,25,50,41,50,53,25,31,50,50,47,38,66,53,47,53,25,28,66,6,28,50,19,31,0.35,0
47,53,41,44,25,53,25,31,53,35,50,53,0,35,35,56,25,50,50,31,31,10,35,22,13,22,50,41,50,28,28,25,28,3,31,53,31,50,53,56,50,41,41,16,22,60,25,13,31,35,25,47,31,50,50,50,28,50,41,16,56,47,25,44,16,50,44,38,56,13,35,50,50,44,28,56,53,38,50,13,25,60,3,25,50,25,25,0.91,1
60,81,53,94,10,47,31,38,72,38,66,6,16,47,0,13,13,69,47,31,47,16,0,22,13,13,13,60,47,63,19,28,10,0,0,69,81,53,56,47,19,19,0,0,0,75,0,0,0,16,16,0,0,63,56,44,38,25,28,0,69,78,25,16,0,50,91,47,22,0,81,60,56,44,0,25,0,0,0,0,16,22,0,19,47,22,0,0.038,0
50,50,47,47,16,53,35,41,53,41,53,41,19,47,35,50,25,53,53,44,35,19,28,25,13,19,44,50,50,47,31,35,28,0,28,53,41,50,50,56,13,56,25,0,0,69,0,0,25,25,6,10,22,56,53,50,28,50,22,0,53,53,25,28,0,50,47,56,44,0,41,50,53,38,0,47,16,0,10,0,25,50,0,31,47,25,16,0.97,1
28,25,25,19,0,35,16,22,25,19,28,50,0,19,31,38,16,38,38,6,19,13,31,13,13,13,28,31,25,28,13,22,25,6,19,31,22,31,25,41,50,31,35,0,35,56,22,0,47,16,44,47,50,35,31,28,22,31,28,0,38,22,22,28,16,38,22,28,66,0,25,38,38,38,28,60,53,41,38,0,16,56,16,16,53,31,31,0.81,1
53,53,41,44,3,53,38,41,47,28,50,47,16,28,47,60,28,56,47,47,38,16,41,6,16,16,50,50,47,38,38,35,38,22,47,60,35,53,56,63,53,44,38,25,10,63,31,19,44,38,41,44,47,53,47,47,35,47,38,22,60,53,35,41,35,53,47,56,60,25,38,56,50,44,31,60,50,38,44,19,25,53,13,25,63,28,28,0.95,1
53,53,44,35,0,56,31,28,53,25,53,56,13,35,53,66,28,53,53,31,28,13,53,16,16,28,72,50,50,47,28,31,38,3,53,53,35,53,53,60,47,50,38,10,22,75,22,0,47,38,22,47,47,50,50,50,28,50,38,6,53,53,28,41,10,53,44,53,56,6,41,53,53,50,25,56,53,31,50,6,25,63,3,25,53,31,38,0.83,1
38,81,31,66,3,47,25,19,53,19,56,0,6,22,0,0,22,50,44,19,25,0,0,10,0,0,35,35,31,38,16,25,0,0,0,63,22,50,50,56,16,19,0,0,0,72,0,0,0,22,10,0,3,44,38,38,28,53,13,0,69,85,25,16,0,47,66,28,22,0,25,53,50,19,0,22,0,0,0,0,10,10,0,25,25,10,0,0.84,1
63,75,66,66,0,66,31,53,72,47,75,0,10,47,0,6,50,69,50,38,35,13,0,22,35,35,16,63,53,56,44,31,0,0,0,75,35,60,66,63,19,25,0,0,0,72,0,0,0,38,13,13,0,63,50,31,28,44,22,0,75,72,25,25,6,47,69,25,16,0,47,63,69,28,0,16,13,0,13,0,38,0,0,53,16,13,0,0.98,1
63,53,47,50,13,69,50,47,63,38,69,56,13,50,3,60,31,66,63,47,44,10,31,22,19,22,50,56,69,50,50,50,0,0,0,75,41,66,66,72,44,44,50,38,38,66,44,22,47,50,25,38,56,60,53,50,44,53,47,22,72,56,31,53,0,53,53,53,44,31,41,60,63,66,38,47,47,38,41,31,35,53,0,35,44,22,41,0.029,0
35,53,53,50,0,47,25,66,69,31,72,0,10,41,0,16,25,53,47,41,28,0,10,3,10,10,22,44,50,44,25,25,0,0,0,75,35,72,69,44,10,25,6,3,0,53,0,0,0,47,3,0,0,44,41,35,28,41,28,0,72,66,38,31,0,50,60,28,25,0,38,41,44,44,0,25,13,0,6,3,38,25,0,35,31,6,0,0.96,1
35,53,53,50,0,47,25,66,69,31,72,0,10,41,0,16,25,53,47,41,28,0,10,3,10,10,22,44,50,44,25,25,0,0,0,75,35,72,69,44,10,25,6,3,0,53,0,0,0,47,3,0,0,44,41,35,28,41,28,0,72,66,38,31,0,50,60,28,25,0,38,41,44,44,0,25,13,0,6,3,38,25,0,35,31,6,0,0.96,1
35,41,38,38,0,38,10,35,47,25,47,50,0,25,44,50,0,44,38,22,10,0,38,3,0,0,31,35,41,31,25,10,19,0,38,47,13,47,47,47,53,47,44,35,28,50,35,35,41,41,41,50,53,38,44,35,25,35,44,25,50,38,25,44,22,44,38,38,53,38,19,41,47,50,41,56,60,44,56,44,0,47,0,0,44,16,41,0.029,0
35,41,38,38,0,38,10,35,47,25,47,50,0,25,44,50,0,44,38,22,10,0,38,3,0,0,31,35,41,31,25,10,19,0,38,47,13,47,47,47,53,47,44,35,28,50,35,35,41,41,41,50,53,38,44,35,25,35,44,25,50,38,25,44,22,44,38,38,53,38,19,41,47,50,41,56,60,44,56,44,0,47,0,0,44,16,41,0.93,1
47,41,38,22,6,47,28,25,41,22,41,47,0,22,19,44,35,50,44,31,31,19,25,22,16,19,41,44,53,35,28,22,25,3,16,47,28,44,35,53,72,35,47,35,41,60,50,19,41,38,53,63,56,47,50,47,25,41,35,22,47,38,25,47,31,44,22,50,66,22,35,50,50,47,50,63,69,60,72,25,28,56,22,28,56,35,44,0.83,1
50,53,44,35,10,53,28,35,53,28,50,56,0,31,44,53,16,53,50,28,16,13,47,28,10,10,47,50,53,41,38,28,47,25,44,50,35,53,50,69,56,44,60,31,22,60,50,25,38,44,31,53,53,50,50,44,25,50,47,25,56,50,25,50,19,50,35,53,53,25,35,50,56,56,50,50,60,47,53,31,16,60,3,13,50,31,44,0.89,1
50,72,50,69,0,53,25,63,75,35,75,6,16,31,0,22,25,50,63,28,28,13,0,22,16,19,22,47,53,47,41,25,0,0,0,75,25,69,69,53,19,25,0,0,0,72,0,0,0,47,3,0,0,50,50,25,25,31,22,0,75,75,28,22,0,50,75,28,25,0,38,50,66,31,0,25,0,0,0,0,28,22,0,25,28,28,0,0.96,1
44,35,38,19,6,50,25,22,44,22,41,53,3,22,44,53,25,50,44,25,25,10,50,22,13,19,50,41,41,28,25,25,25,13,41,47,22,41,47,56,53,44,50,22,25,60,22,16,56,22,28,38,56,50,47,44,22,47,31,19,47,38,22,47,10,53,28,47,60,25,22,50,44,50,28,60,53,53,50,16,28,66,10,25,56,28,38,0.86,1
69,75,72,69,25,72,53,53,75,53,78,10,19,50,0,16,47,72,60,78,75,19,0,16,19,22,22,63,63,66,44,53,10,0,0,81,66,75,75,72,31,25,16,0,0,69,0,0,0,47,0,0,0,66,53,47,47,47,22,3,78,75,50,31,0,50,72,47,10,0,66,75,66,50,6,13,3,6,0,0,44,0,0,50,22,10,3,0.0078,0
50,53,53,50,10,53,31,50,60,28,66,16,19,41,0,22,25,53,47,60,60,19,16,22,6,13,25,47,50,53,38,31,0,0,0,75,50,56,66,50,28,25,19,3,0,53,16,0,6,35,19,22,6,50,50,41,25,28,16,0,72,53,38,25,6,41,53,38,22,0,50,53,53,38,16,25,19,22,19,0,25,19,0,25,25,16,13,0.13,0
50,53,53,50,10,53,31,50,60,28,66,16,19,41,0,22,25,53,47,60,60,19,16,22,6,13,25,47,50,53,38,31,0,0,0,75,50,56,66,50,28,25,19,3,0,53,16,0,6,35,19,22,6,50,50,41,25,28,16,0,72,53,38,25,6,41,53,38,22,0,50,53,53,38,16,25,19,22,19,0,25,19,0,25,25,16,13,0.13,0
53,56,47,53,38,66,50,41,63,25,63,72,19,25,69,72,28,72,50,44,41,19,69,19,19,25,53,63,50,50,47,47,53,35,66,69,50,63,66,75,50,50,41,25,16,69,31,19,47,47,28,56,53,56,53,53,50,60,53,28,69,63,35,53,22,60,53,56,56,22,50,69,56,50,28,60,60,38,44,28,31,69,3,38,60,31,47,0.029,0
44,44,44,38,6,47,28,44,50,35,44,72,0,35,50,66,35,53,50,38,41,22,50,13,25,25,50,47,47,44,35,31,41,25,50,53,31,44,41,63,50,47,60,41,31,56,38,25,47,47,47,53,56,50,44,63,38,50,56,28,63,44,35,50,22,50,38,50,69,31,38,53,47,53,44,63,63,41,53,41,35,66,16,28,47,41,47,0.83,1
72,69,75,69,31,72,69,75,72,56,69,25,19,56,0,28,41,72,72,63,66,22,13,41,41,35,25,72,72,72,72,69,0,0,0,85,69,72,72,75,19,35,19,0,0,53,6,0,0,47,6,10,0,69,50,50,41,44,25,0,78,75,44,28,0,47,72,38,13,0,66,72,63,47,3,25,10,10,3,0,47,25,0,47,31,13,0,0.0067,0
50,38,38,35,0,41,25,35,41,28,41,38,0,31,0,41,35,44,47,31,31,16,25,25,22,35,38,44,31,38,35,22,6,0,0,41,41,44,41,47,13,47,41,0,0,63,0,0,38,28,10,6,28,44,53,44,28,44,35,0,41,38,28,35,0,47,35,56,78,0,41,47,53,44,3,81,53,3,28,0,35,56,3,31,78,41,35,0.96,1
47,50,28,22,3,47,28,22,50,19,47,50,0,22,44,56,28,50,41,22,19,10,44,22,19,19,50,38,31,25,25,25,41,0,41,50,28,47,47,50,47,38,41,0,3,63,25,0,44,28,35,47,41,47,47,38,25,41,44,0,56,47,19,28,0,44,28,44,60,0,31,47,47,47,25,63,44,35,41,16,25,63,0,25,53,35,35,0.97,1
50,50,44,47,38,53,41,35,50,28,47,53,19,38,47,69,41,53,50,41,44,22,47,19,22,25,53,47,47,47,44,25,35,25,47,50,28,50,47,63,50,50,44,25,28,72,50,25,50,38,38,50,56,50,50,53,38,69,50,28,53,47,35,47,19,53,41,50,50,25,31,50,60,50,38,60,53,41,53,35,41,53,3,41,50,38,38,0.88,1
56,69,75,66,19,66,44,72,75,50,75,25,16,60,0,25,25,66,50,47,47,19,3,25,25,25,22,56,69,56,31,47,0,0,0,75,50,66,72,72,25,25,25,16,0,56,19,6,6,44,22,22,13,56,50,50,44,44,25,0,72,72,44,31,19,50,72,28,13,10,56,72,50,44,19,13,25,22,22,10,25,16,0,25,19,6,13,0.13,0
60,72,72,69,25,69,53,66,75,47,78,0,19,50,0,19,31,72,53,66,69,13,10,19,6,16,22,56,56,66,41,53,3,0,0,78,47,63,75,75,35,28,22,6,0,60,25,0,0,50,25,25,0,69,50,41,38,38,31,10,75,75,38,44,19,60,69,31,28,3,56,72,60,47,28,28,22,25,25,6,25,16,3,25,25,22,10,0.0077,0
53,53,44,47,31,53,41,28,56,35,50,60,10,38,56,75,28,56,50,44,28,13,56,16,13,22,53,53,53,53,35,47,38,28,56,63,35,50,50,69,38,44,35,28,16,72,25,13,35,44,28,38,53,56,53,47,35,56,47,25,66,53,31,53,16,53,50,47,53,28,41,56,56,50,28,53,53,28,44,25,28,53,0,28,53,28,38,0.89,1
75,75,69,72,3,75,69,53,75,69,75,0,16,66,0,31,50,72,75,53,50,28,16,38,47,69,25,72,75,69,56,72,0,0,0,75,56,66,69,72,16,38,25,0,0,66,0,0,0,41,0,0,0,72,69,50,41,47,22,0,75,75,41,28,0,53,75,41,0,0,53,72,72,47,0,0,0,0,0,0,50,3,0,53,22,6,0,0.59,1
53,47,53,47,13,50,38,47,50,47,50,44,0,47,31,47,41,66,56,47,38,19,35,25,19,28,44,53,56,50,50,35,38,0,31,56,44,53,53,63,69,41,47,31,38,63,50,25,31,35,53,56,41,53,50,44,41,38,38,25,56,44,35,38,16,50,44,56,63,31,41,50,53,53,56,66,56,63,69,25,38,44,3,35,60,31,35,0.89,1
53,53,50,44,0,56,25,53,66,41,60,72,0,44,31,72,35,50,50,35,41,0,41,19,25,25,38,50,50,50,28,25,25,0,28,66,25,50,60,69,35,50,63,47,35,69,25,44,69,56,28,31,72,50,50,63,41,66,50,44,60,50,28,69,25,66,44,47,63,44,25,66,56,69,35,66,72,25,35,44,41,78,0,35,50,41,66,0.029,0
44,50,50,44,0,53,31,31,53,31,50,44,16,35,31,50,25,50,50,50,35,13,28,10,22,25,53,47,50,31,44,28,25,0,25,50,31,53,53,53,50,41,28,16,22,56,25,13,38,47,28,41,47,50,50,35,25,47,35,13,53,50,28,38,13,50,50,50,69,13,35,53,56,50,28,53,44,28,47,10,25,50,0,25,56,25,19,0.97,1
44,41,47,38,0,44,25,41,50,28,50,31,0,28,25,38,22,50,53,28,25,22,28,35,19,16,28,41,41,41,25,25,25,0,25,50,50,50,50,47,31,47,25,3,0,69,10,0,41,28,25,25,35,41,50,41,28,41,25,0,66,47,25,25,10,47,44,72,53,0,47,41,50,38,19,72,47,25,25,0,25,63,0,22,72,31,19,0.84,1
53,75,50,56,0,56,38,47,75,50,75,10,16,47,0,19,56,72,50,47,47,13,0,19,22,16,25,50,50,56,31,38,0,3,0,75,31,69,69,72,22,19,6,0,0,69,0,0,0,38,6,0,0,75,53,50,41,47,16,0,75,75,47,31,0,47,66,28,22,0,44,75,75,44,0,22,0,0,0,0,53,16,0,53,31,22,0,0.93,1
35,56,56,38,0,31,19,63,75,50,78,3,6,78,0,6,10,50,35,31,13,6,0,10,6,6,3,35,38,25,16,16,0,0,0,75,31,66,69,47,16,13,6,0,0,47,0,0,0,28,0,0,0,41,31,22,19,13,19,0,75,53,22,28,0,53,44,16,13,0,31,44,41,16,0,16,0,0,0,0,19,13,0,16,19,16,0,0.99,1
47,47,41,38,16,50,28,25,50,25,47,60,10,25,41,69,38,47,50,25,25,16,41,16,16,19,47,41,44,28,25,28,38,19,38,50,35,50,44,50,50,56,31,22,28,60,25,16,53,38,31,38,50,50,50,50,38,53,35,16,53,44,25,41,16,53,38,50,56,16,38,53,53,50,28,66,47,38,50,13,38,66,6,35,53,41,31,0.97,1
38,44,31,35,3,53,28,28,50,22,47,50,6,16,38,60,22,47,41,28,28,6,38,19,13,13,47,38,35,25,25,25,31,16,31,50,28,47,47,53,56,47,25,3,19,53,22,0,41,28,22,47,50,44,44,44,25,47,38,6,53,44,25,50,10,53,38,50,56,0,25,47,47,35,25,72,63,44,41,6,25,66,6,25,66,31,35,0.73,1
47,53,53,50,0,53,28,53,63,38,56,25,6,44,0,25,50,53,50,47,31,10,13,3,16,13,22,47,47,47,35,35,0,0,0,72,31,72,69,66,31,31,16,0,13,63,6,0,22,47,16,16,22,50,50,47,38,50,25,0,75,56,28,28,6,56,56,28,28,0,47,53,66,44,19,44,25,16,25,0,72,35,0,53,44,25,13,0.98,1
35,50,56,35,0,41,25,69,75,31,75,3,16,35,0,19,22,50,38,28,28,13,0,13,13,13,3,44,41,35,25,22,0,0,0,88,31,72,78,50,3,16,13,0,0,41,0,0,13,28,0,0,19,47,41,38,28,28,31,3,81,56,19,28,0,53,41,16,22,0,35,47,47,35,0,28,0,0,0,0,25,22,0,25,47,3,3,0.97,1
41,38,38,35,0,50,31,25,50,22,53,63,0,22,41,66,25,50,38,35,35,10,47,19,19,19,53,38,41,35,35,31,31,16,38,50,25,47,50,53,56,50,47,10,35,56,25,0,50,28,41,53,60,44,50,50,35,50,47,3,44,35,28,50,16,53,28,50,60,10,25,47,47,50,47,66,56,47,53,10,25,63,16,25,60,50,41,0.96,1
44,50,56,31,0,50,16,53,56,28,72,3,0,41,0,19,25,47,50,35,31,16,0,19,0,6,6,28,50,31,25,22,0,0,0,78,31,53,72,50,31,25,16,22,10,50,19,3,0,44,13,6,0,47,35,31,25,25,22,3,75,53,44,25,3,47,47,25,13,0,31,47,47,53,22,13,10,25,13,6,25,10,0,25,10,6,0,0.057,0
50,53,47,41,6,50,28,47,50,35,50,44,0,38,31,47,38,63,50,38,44,22,35,28,28,25,44,50,44,50,35,31,41,6,38,50,50,47,50,56,53,69,50,25,19,72,31,22,38,31,47,53,41,47,50,50,38,47,38,25,50,56,25,41,31,50,41,66,75,22,47,50,53,47,44,75,69,38,50,25,41,69,6,38,75,28,38,0.39,0
78,75,66,72,41,50,75,56,78,60,78,10,19,53,0,19,50,75,56,50,50,16,0,53,38,31,16,69,56,56,50,69,0,0,0,78,56,72,75,75,13,44,22,19,0,72,0,0,0,44,0,0,0,72,63,50,31,41,19,0,78,75,31,25,0,47,75,53,0,0,66,72,66,50,0,0,16,0,0,0,50,16,0,50,22,16,0,0.13,0
47,53,50,53,41,53,25,53,63,28,50,25,6,28,16,28,44,56,50,47,28,19,25,22,25,31,28,47,50,47,28,28,16,0,16,60,31,50,50,56,50,31,25,0,25,53,25,0,25,38,25,50,25,50,47,50,25,38,41,0,60,50,28,31,10,50,56,31,53,0,31,53,56,47,28,50,50,35,44,0,44,31,10,44,50,25,19,0.029,0
47,53,50,53,41,53,25,53,63,28,50,25,6,28,16,28,44,56,50,47,28,19,25,22,25,31,28,47,50,47,28,28,16,0,16,60,31,50,50,56,50,31,25,0,25,53,25,0,25,38,25,50,25,50,47,50,25,38,41,0,60,50,28,31,10,50,56,31,53,0,31,53,56,47,28,50,50,35,44,0,44,31,10,44,50,25,19,0.86,1
72,78,56,63,72,56,47,60,78,47,72,22,6,47,3,31,53,72,56,50,50,22,22,44,25,25,28,72,53,75,50,50,19,0,0,78,50,66,66,75,31,47,28,3,6,75,25,3,19,47,25,31,19,75,56,56,38,44,35,0,78,78,41,35,10,53,66,47,50,3,50,75,69,50,28,50,47,31,28,3,50,50,3,53,53,28,19,0.038,0
47,56,50,47,13,53,35,50,50,38,53,25,19,47,19,41,47,60,47,38,44,10,19,6,16,16,50,47,50,44,35,31,19,0,16,56,31,53,50,60,35,44,22,16,16,75,25,13,22,44,25,35,35,50,60,53,31,56,31,16,56,60,38,38,16,56,53,38,44,16,28,53,56,50,25,47,31,25,31,13,50,41,0,50,50,13,16,0.95,1
47,38,31,19,16,50,31,28,41,22,41,41,0,22,16,44,28,47,44,25,25,13,38,19,16,16,53,38,35,31,22,28,31,13,22,44,28,41,38,56,47,41,44,25,6,60,28,19,41,35,28,38,41,47,47,47,31,44,31,22,50,35,22,41,28,50,19,47,53,22,35,50,47,47,25,66,41,31,41,31,25,53,16,28,56,25,38,0.94,1
38,63,41,56,0,50,31,47,56,25,50,16,19,28,16,19,41,44,50,19,22,19,13,16,10,16,35,25,41,31,22,22,3,0,0,53,22,63,50,47,25,22,10,0,0,75,0,0,0,31,13,0,0,41,50,38,31,50,16,0,60,69,25,28,0,47,56,38,28,0,25,50,53,35,0,25,3,0,0,0,31,25,0,35,50,53,6,0.81,1
47,44,31,22,13,53,19,22,47,22,50,63,19,22,50,66,35,50,44,22,31,22,50,22,16,19,56,44,28,38,22,25,47,22,47,50,25,50,47,56,56,41,47,19,41,66,28,10,50,31,50,50,66,47,50,50,44,53,38,19,60,47,25,53,22,53,25,53,63,16,25,50,50,53,35,53,56,38,56,13,35,63,16,25,53,41,41,0.97,1
63,69,47,62,52,55,55,38,63,38,60,2,52,43,2,40,60,63,50,47,44,27,2,28,16,16,30,63,47,62,41,49,2,0,2,63,49,60,60,60,0,37,15,0,0,60,0,0,0,43,0,0,0,69,59,59,43,49,22,0,69,75,46,22,0,62,66,49,0,0,55,69,66,46,0,0,0,0,0,0,53,2,0,66,37,5,0,0.652049228513718,1
31,40,40,22,6,47,25,27,47,22,43,41,5,22,27,44,25,44,31,25,25,6,28,16,16,19,40,31,40,25,22,22,25,0,27,49,22,46,41,53,56,38,46,22,24,62,25,18,31,30,41,49,44,43,47,31,27,49,37,19,50,46,25,44,22,47,25,44,56,25,22,47,52,47,31,53,53,49,56,19,25,55,10,25,53,27,28,0.6602306242504142,1
39,34,42,28,6,44,25,29,45,25,45,50,1,25,29,48,25,44,47,26,28,1,28,6,12,15,39,33,44,26,28,25,23,0,21,45,23,47,42,44,50,31,34,20,31,53,25,18,38,30,26,48,31,34,45,30,26,41,28,18,47,28,25,36,13,47,28,31,57,18,26,34,50,42,41,53,50,42,43,23,25,50,3,25,51,22,26,0.7175225339741611,1
53,50,44,48,26,61,40,40,50,40,51,70,19,39,51,73,40,58,50,44,45,19,47,25,20,23,51,55,48,50,34,38,44,6,47,51,40,48,50,67,43,50,42,23,31,70,29,22,51,44,27,39,54,51,48,45,38,56,42,24,50,53,34,47,14,50,50,49,51,23,45,58,56,50,28,54,53,37,47,25,36,62,1,32,49,37,38,0.6280041708485423,1
44,47,46,44,0,46,27,68,65,30,65,35,5,31,16,35,25,50,47,37,30,6,24,3,21,21,24,46,49,31,27,25,12,0,15,68,34,62,53,50,67,25,38,41,25,50,27,19,28,49,40,49,28,47,44,31,25,41,25,24,68,47,25,46,21,49,44,31,47,22,34,47,47,44,41,44,56,49,62,22,27,47,3,25,41,19,26,0.8230001505179576,1
47,55,53,50,0,50,25,59,68,46,59,25,9,46,15,34,31,53,50,38,28,15,15,0,24,27,16,44,49,44,35,25,15,0,15,72,31,66,66,53,34,25,24,12,13,60,24,12,24,28,24,27,24,47,44,44,28,44,27,15,75,56,34,30,9,50,50,25,25,15,41,47,53,46,24,28,34,24,25,12,47,35,0,41,35,27,24,0.9702624448115854,1
38,31,47,28,16,44,25,31,50,28,44,72,0,25,50,69,22,47,31,31,19,13,53,3,10,13,50,38,44,31,31,25,38,10,50,53,28,50,53,60,53,41,60,31,28,66,25,19,56,38,28,50,56,47,38,41,31,47,53,28,56,31,28,47,19,47,25,47,53,35,31,50,50,60,28,56,72,35,53,25,19,72,10,16,50,28,56,0.9127565855311512,1
35,41,38,37,1,38,11,34,47,25,47,50,0,25,43,50,2,44,38,22,11,1,37,4,1,1,30,35,42,30,25,11,20,1,37,47,14,47,47,47,53,46,44,34,27,50,35,33,41,40,42,50,52,38,44,34,25,35,42,24,50,38,25,43,22,44,37,38,54,37,20,41,47,50,41,56,60,44,57,42,1,47,2,2,44,17,41,0.9109726487481077,1
45,65,45,53,1,50,28,48,64,27,53,1,17,27,0,19,57,54,48,29,28,7,0,7,13,7,11,48,45,44,26,26,0,0,0,64,25,51,50,58,22,22,0,0,0,70,0,0,0,25,10,0,0,53,49,44,27,47,22,0,73,72,30,23,0,50,67,25,25,0,28,51,57,32,0,23,0,0,0,0,61,17,0,66,29,17,0,0.9738161399066692,1
32,39,43,32,0,44,25,43,47,26,47,21,3,28,15,28,14,44,46,28,28,3,25,3,12,16,25,29,46,36,28,23,17,0,15,50,26,45,47,48,54,32,25,3,20,53,31,0,20,26,35,50,19,39,36,26,25,26,25,0,50,33,23,25,10,47,28,28,47,0,26,42,47,44,44,44,43,46,48,8,17,34,9,17,41,22,16,0.6714738597380149,1
53,52,41,44,3,53,37,40,47,28,50,47,16,28,47,60,28,56,47,46,38,16,41,6,16,16,50,50,47,38,38,34,38,21,47,59,35,52,55,63,53,44,38,24,10,63,31,19,44,37,40,44,47,52,47,46,34,47,37,21,59,52,34,41,34,52,47,55,59,24,38,56,50,44,30,59,50,38,44,19,25,53,12,25,62,28,28,0.9442985011743079,1
53,72,54,61,6,61,45,61,75,45,73,6,16,45,0,21,36,54,62,45,45,17,7,14,20,23,26,49,65,51,35,42,1,0,1,75,47,75,73,60,14,20,10,1,0,70,0,0,0,47,4,1,0,50,51,47,43,50,26,0,75,70,42,34,3,52,70,31,23,0,48,60,56,47,0,19,8,0,5,0,36,20,0,39,41,20,4,0.9066762893247979,1
35,52,53,47,0,46,25,64,68,33,70,0,9,41,0,15,25,52,46,40,28,0,9,2,9,9,21,42,50,43,25,24,0,0,0,74,33,70,67,44,14,24,7,3,2,53,2,0,0,46,5,2,0,44,41,34,28,38,26,0,72,63,36,31,0,49,56,27,25,0,35,41,44,43,3,25,14,3,8,2,36,24,0,34,31,5,0,0.9614005959326367,1
49,60,58,48,0,52,31,66,73,47,67,22,8,63,15,29,39,55,50,47,38,13,24,4,18,30,28,47,48,47,31,28,20,0,14,74,44,64,61,54,45,43,21,16,8,66,23,8,19,44,23,34,19,54,51,48,40,48,27,11,73,62,43,43,14,50,56,42,48,11,44,50,60,47,31,48,44,29,37,12,44,31,0,39,50,20,21,0.872046130788167,1
56,57,57,51,22,70,48,47,66,48,67,50,14,51,34,54,47,69,69,57,54,22,36,21,36,45,53,54,69,51,67,48,34,6,29,70,44,59,59,70,47,45,43,30,13,61,26,25,37,50,32,39,37,56,52,51,36,51,36,25,73,54,36,42,27,47,53,53,50,26,50,56,56,56,35,53,48,35,47,26,41,50,16,37,47,30,33,0.6871298055120811,1
47,62,52,52,46,60,46,49,55,46,55,69,16,46,55,72,46,53,47,49,38,13,49,3,19,30,59,47,52,47,37,46,38,12,49,62,38,62,59,60,49,59,41,34,0,60,43,22,53,52,40,49,59,59,52,52,41,59,50,37,62,62,38,52,43,59,55,50,59,27,44,59,60,50,40,59,56,34,41,30,43,63,12,43,55,35,44,0.8274796573796254,1
72,77,56,74,70,54,60,53,75,51,75,2,24,50,0,25,50,74,54,53,55,25,0,43,26,27,22,72,54,71,47,48,0,0,0,80,50,71,74,72,18,46,25,0,0,71,0,0,0,46,5,0,0,72,60,59,43,47,24,0,80,80,43,25,0,50,75,41,15,0,55,72,69,49,0,15,0,0,0,0,50,15,0,55,24,6,0,0.6653761404547882,1
51,72,50,54,0,54,41,48,73,48,73,6,19,43,0,20,53,66,55,43,44,7,0,19,23,18,15,48,48,53,35,38,0,1,0,73,35,67,67,66,13,21,10,0,0,69,0,0,0,40,3,0,0,65,50,48,41,45,19,0,75,72,43,29,0,49,66,28,23,0,42,66,69,42,0,23,0,0,0,0,53,19,0,53,37,15,0,0.9474684712861784,1
70,73,61,65,4,66,62,50,75,57,72,0,18,55,0,27,57,70,65,50,48,24,9,39,49,54,17,69,65,63,51,62,0,0,0,72,52,63,66,70,14,34,20,0,0,63,0,0,0,39,0,0,0,72,62,48,37,47,23,0,75,75,41,25,0,51,73,35,0,0,53,72,70,44,0,0,0,1,0,0,59,1,0,61,19,4,0,0.7248957758889706,1
47,43,38,27,2,47,25,25,44,19,47,38,0,25,21,38,31,50,47,28,25,18,25,22,15,19,38,41,47,28,25,25,34,18,16,55,31,50,41,50,66,38,44,31,28,65,62,18,30,38,47,66,43,47,44,41,27,49,25,19,52,46,25,28,30,52,35,56,65,22,38,50,52,50,47,65,53,53,56,25,28,52,13,35,55,25,25,0.6220756127886279,1
51,47,42,41,20,53,32,28,47,19,50,60,10,32,41,63,37,52,46,31,29,21,50,19,17,19,53,47,48,41,29,32,37,24,42,47,31,50,49,60,56,47,47,22,31,60,32,19,58,35,40,46,64,47,46,50,32,50,35,23,50,48,25,47,24,51,30,50,64,24,25,50,53,50,37,56,63,47,52,19,36,68,10,29,50,37,45,0.7884391113880131,1
29,41,46,27,0,43,25,52,45,28,44,16,0,28,0,25,22,43,47,28,27,1,16,3,16,19,23,27,48,29,27,25,4,0,0,49,25,47,47,47,51,37,20,0,20,50,29,0,13,28,42,44,11,39,28,25,25,25,23,0,53,40,25,25,10,47,27,25,44,0,25,42,48,39,39,36,35,47,43,0,25,23,12,25,35,22,13,0.7189230559231213,1
56,57,44,50,34,63,43,35,57,26,52,72,14,28,46,72,41,61,50,40,39,19,50,17,13,25,50,52,50,49,35,37,32,0,39,63,33,51,52,69,47,49,43,27,21,68,34,20,52,47,27,39,56,53,50,53,42,62,42,20,63,61,37,50,21,53,54,48,61,25,39,55,58,57,27,59,61,29,41,25,33,67,4,38,56,25,44,0.7441631759412729,1
56,63,60,53,31,66,50,41,60,50,66,50,13,50,38,60,47,69,63,60,56,22,44,13,44,44,53,56,69,50,63,50,38,3,31,69,41,63,63,72,47,44,47,38,10,63,28,22,41,47,38,44,41,60,60,50,44,50,38,25,72,53,38,38,35,44,53,50,50,28,50,60,60,60,41,53,47,41,44,28,41,50,16,41,44,38,41,0.8065997994669573,1
49,49,43,43,18,51,47,37,51,29,49,47,12,29,51,47,35,51,49,42,37,20,48,20,24,27,58,49,45,45,29,46,45,43,49,50,33,51,49,66,44,46,42,24,24,64,35,23,35,41,41,51,35,50,48,47,30,48,43,24,53,52,25,46,17,50,46,58,61,23,43,53,59,44,29,54,51,35,46,24,32,54,6,29,63,27,26,0.8000083052958302,1
52,69,52,53,2,68,47,52,74,42,74,5,12,42,0,24,31,54,67,42,43,13,13,16,20,22,21,51,67,50,36,42,0,0,0,74,43,73,73,64,13,20,16,2,0,69,0,0,0,46,2,0,0,50,49,44,45,46,29,0,75,66,40,36,0,55,66,30,25,0,45,66,54,45,0,20,0,0,0,0,34,25,0,34,42,11,2,0.9617336465350776,1
48,37,38,23,6,52,26,28,46,23,48,47,1,25,22,44,38,50,49,35,33,19,31,14,17,20,48,47,53,30,34,23,26,7,19,50,28,49,44,54,70,40,48,35,44,63,42,19,46,33,54,61,52,48,51,45,26,44,32,20,50,31,25,43,29,49,25,53,69,22,30,53,53,50,50,63,67,57,60,31,29,60,22,32,54,32,40,0.83,1
37,48,55,37,0,44,27,57,66,44,62,2,6,43,0,13,27,48,42,38,30,2,6,0,6,6,17,33,50,41,29,22,0,0,0,72,24,62,61,48,37,22,14,5,13,55,15,2,0,44,18,15,0,46,43,31,28,25,20,0,72,50,27,31,4,45,42,25,29,2,24,45,46,41,17,25,20,22,21,0,29,20,0,29,36,1,2,0.9681776391221193,1
50,49,43,34,19,55,27,36,50,28,49,34,1,25,17,48,30,50,49,28,30,19,30,22,17,23,47,33,50,47,26,26,17,6,9,53,40,52,49,52,44,52,26,3,20,70,20,0,25,35,24,28,28,48,49,44,28,49,38,2,57,50,25,35,3,49,39,48,52,0,43,50,51,44,23,52,45,26,31,0,29,50,9,29,54,25,20,0.9046783153809409,1
38,31,47,28,16,44,25,31,50,28,44,72,0,25,50,69,22,47,31,31,19,13,53,3,10,13,50,38,44,31,31,25,38,10,50,53,28,50,53,60,53,41,60,31,28,66,25,19,56,38,28,50,56,47,38,41,31,47,53,28,56,31,28,47,19,47,25,47,53,35,31,50,50,60,28,56,72,35,53,25,19,72,10,16,50,28,56,0.7884407676933269,1
